[2025-04-16 15:22:19.101] [Game] [info] =========================> GAME LOG <=========================
[2025-04-16 15:25:04.470] [Game] [info] =========================> GAME LOG <=========================
[2025-04-16 15:40:10.257] [Game] [info] Saving game...
[2025-04-16 15:41:37.871] [Game] [info] Shutting down...
[2025-04-16 15:41:37.873] [Game] [info] Shutdown complete.
[2025-04-16 15:41:47.771] [Game] [info] =========================> GAME LOG <=========================
[2025-04-16 15:43:28.814] [Game] [info] =========================> GAME LOG <=========================
[2025-04-16 15:44:48.335] [Game] [info] Nyxclaw has logged in from IP 127.0.0.1.
[2025-04-16 15:49:08.743] [Game] [info] Nyxclaw has logged out from IP 0.0.0.0.
[2025-04-16 15:49:13.808] [Game] [info] GOD Rafa has logged in from IP 127.0.0.1.
[2025-04-17 12:24:05.059] [Game] [info] =========================> GAME LOG <=========================
[2025-04-17 12:25:00.097] [Game] [info] Saving game...
[2025-04-17 12:27:01.585] [Game] [info] Shutting down...
[2025-04-17 12:27:01.586] [Game] [info] Shutdown complete.
[2025-04-17 12:39:35.865] [Game] [info] =========================> GAME LOG <=========================
[2025-04-17 12:39:45.893] [Game] [info] =========================> GAME LOG <=========================
[2025-04-17 12:49:51.105] [Game] [info] =========================> GAME LOG <=========================
[2025-04-17 12:55:25.518] [Game] [info] GOD Rafa has logged in from IP 127.0.0.1.
[2025-04-17 13:04:26.143] [Game] [info] GOD Rafa has logged out from IP 0.0.0.0.
[2025-04-17 13:46:56.683] [Game] [info] GOD Rafa has logged in from IP 127.0.0.1.
[2025-04-17 14:03:32.695] [Game] [info] Saving game...
[2025-04-17 14:04:53.795] [Game] [info] Shutting down...
[2025-04-17 14:04:53.796] [Game] [info] Shutdown complete.
[2025-04-17 14:08:14.620] [Game] [info] =========================> GAME LOG <=========================
[2025-04-17 14:09:46.337] [Game] [info] Saving game...
[2025-04-17 14:10:21.264] [Game] [info] [GOD Rafa at (32368.0,32189.0,7.0) used command] /reload all
[2025-04-17 14:11:05.029] [Game] [info] Shutting down...
[2025-04-17 14:11:05.030] [Game] [info] Shutdown complete.
[2025-04-17 14:12:14.800] [Game] [info] GOD Rafa has logged out from IP 127.0.0.1.
[2025-04-17 14:12:22.733] [Game] [info] Saving game...
[2025-04-17 14:12:23.989] [Game] [info] =========================> GAME LOG <=========================
[2025-04-17 14:12:24.776] [Game] [info] Saving game...
[2025-04-17 14:13:36.610] [Game] [info] Saving game...
[2025-04-17 14:13:40.950] [Game] [info] Shutting down...
[2025-04-17 14:13:40.951] [Game] [info] Shutdown complete.
[2025-04-17 14:13:55.772] [Game] [info] =========================> GAME LOG <=========================
[2025-04-17 14:15:01.481] [Game] [info] Shutting down...
[2025-04-17 14:15:01.483] [Game] [info] Shutdown complete.
[2025-04-17 14:15:45.878] [Game] [info] GOD Rafa has logged in from IP 127.0.0.1.
[2025-04-17 14:16:19.547] [Game] [info] Shutting down...
[2025-04-17 14:16:19.549] [Game] [info] Shutdown complete.
[2025-04-17 14:23:53.869] [Game] [info] =========================> GAME LOG <=========================
[2025-04-17 14:24:48.975] [Game] [info] Saving game...
[2025-04-17 14:26:50.103] [Game] [info] Shutting down...
[2025-04-17 14:26:50.105] [Game] [info] Shutdown complete.
[2025-04-17 14:48:19.899] [Game] [info] GOD Rafa has logged out from IP 127.0.0.1.
[2025-04-17 14:48:25.990] [Game] [info] Saving game...
[2025-04-17 14:49:57.547] [Game] [info] Shutting down...
[2025-04-17 14:49:57.549] [Game] [info] Shutdown complete.
[2025-04-17 14:50:08.093] [Game] [info] =========================> GAME LOG <=========================
[2025-04-17 14:51:13.191] [Game] [info] GOD Rafa has logged in from IP 127.0.0.1.
[2025-04-17 15:06:42.877] [Game] [info] GOD Rafa has logged out from IP 127.0.0.1.
[2025-04-17 15:06:43.476] [Game] [info] Saving game...
[2025-04-17 15:08:17.175] [Game] [info] Shutting down...
[2025-04-17 15:08:17.177] [Game] [info] Shutdown complete.
[2025-04-17 16:07:39.434] [Game] [info] =========================> GAME LOG <=========================
[2025-04-17 16:09:14.571] [Game] [info] GOD Rafa has logged in from IP 127.0.0.1.
[2025-04-17 16:12:38.037] [Game] [info] GOD Rafa has logged out from IP 0.0.0.0.
[2025-04-17 16:12:55.586] [Game] [info] GOD Rafa has logged in from IP 127.0.0.1.
[2025-04-17 16:17:46.546] [Game] [info] GOD Rafa has logged out from IP 0.0.0.0.
[2025-04-17 16:18:41.878] [Game] [info] GOD Rafa has logged in from IP 127.0.0.1.
[2025-04-17 16:20:42.399] [Game] [info] GOD Rafa has logged out from IP 0.0.0.0.
[2025-04-17 16:20:49.153] [Game] [info] GOD Rafa has logged in from IP 127.0.0.1.
[2025-04-17 16:50:49.305] [Game] [info] GOD Rafa has logged out from IP 127.0.0.1.
[2025-04-17 16:50:49.926] [Game] [info] Saving game...
[2025-04-20 10:14:50.860] [Game] [info] =========================> GAME LOG <=========================
[2025-04-20 10:17:29.506] [Game] [info] GOD Rafa has logged in from IP 127.0.0.1.
[2025-04-20 11:29:27.887] [Game] [info] =========================> GAME LOG <=========================
[2025-04-20 11:29:40.298] [Game] [info] GOD Rafa has logged out from IP 127.0.0.1.
[2025-04-20 11:29:40.799] [Game] [info] Saving game...
[2025-04-20 11:30:21.623] [Game] [info] Saving game...
[2025-04-20 11:31:00.726] [Game] [info] Shutting down...
[2025-04-20 11:31:00.727] [Game] [info] Shutdown complete.
[2025-04-20 11:31:05.068] [Game] [info] =========================> GAME LOG <=========================
[2025-04-20 11:31:59.001] [Game] [info] Saving game...
[2025-04-20 11:32:20.336] [Game] [info] Shutting down...
[2025-04-20 11:32:20.337] [Game] [info] Shutdown complete.
[2025-04-20 11:32:53.804] [Game] [info] =========================> GAME LOG <=========================
[2025-04-20 11:33:38.349] [Game] [info] Shutting down...
[2025-04-20 11:33:38.351] [Game] [info] Shutdown complete.
[2025-04-20 11:33:53.198] [Game] [info] GOD Rafa has logged in from IP 127.0.0.1.
[2025-04-20 11:38:25.783] [Game] [info] =========================> GAME LOG <=========================
[2025-04-20 11:39:10.528] [Game] [info] GOD Rafa has logged out from IP 0.0.0.0.
[2025-04-20 11:39:37.838] [Game] [info] Fawkes 'new has logged in from IP 127.0.0.1.
[2025-04-20 11:39:44.199] [Game] [info] Fawkes 'new has logged out from IP 0.0.0.0.
[2025-04-20 11:39:47.408] [Game] [info] GOD Rafa has logged in from IP 127.0.0.1.
[2025-04-20 11:39:58.365] [Game] [info] Saving game...
[2025-04-20 11:40:52.773] [Game] [info] GOD Rafa has logged out from IP 0.0.0.0.
[2025-04-20 11:41:18.735] [Game] [info] Shutting down...
[2025-04-20 11:41:18.736] [Game] [info] Shutdown complete.
[2025-04-20 11:41:38.018] [Game] [info] Saving game...
[2025-04-20 11:41:49.284] [Game] [info] =========================> GAME LOG <=========================
[2025-04-20 11:42:55.680] [Game] [info] Shutting down...
[2025-04-20 11:42:55.682] [Game] [info] Shutdown complete.
[2025-04-20 11:43:03.046] [Game] [info] Saving game...
[2025-04-20 11:44:11.148] [Game] [info] =========================> GAME LOG <=========================
[2025-04-20 11:45:13.147] [Game] [info] GOD Rafa has logged in from IP 127.0.0.1.
[2025-04-20 11:46:42.060] [Game] [info] GOD Rafa has logged out from IP 127.0.0.1.
[2025-04-20 11:46:42.560] [Game] [info] Saving game...
[2025-04-20 11:46:55.793] [Game] [info] =========================> GAME LOG <=========================
[2025-04-20 11:48:06.300] [Game] [info] Saving game...
[2025-04-20 11:48:53.326] [Game] [info] =========================> GAME LOG <=========================
[2025-04-20 11:49:52.687] [Game] [info] GOD Rafa has logged in from IP 127.0.0.1.
[2025-04-20 12:00:38.111] [Game] [info] GOD Rafa has logged out from IP 127.0.0.1.
[2025-04-20 12:00:38.613] [Game] [info] Saving game...
[2025-04-20 12:01:56.614] [Game] [info] Shutting down...
[2025-04-20 12:01:56.616] [Game] [info] Shutdown complete.
[2025-04-20 12:02:06.194] [Game] [info] =========================> GAME LOG <=========================
[2025-04-20 12:03:04.592] [Game] [info] GOD Rafa has logged in from IP 127.0.0.1.
[2025-04-20 12:08:36.957] [Game] [info] GOD Rafa has logged out from IP 127.0.0.1.
[2025-04-20 12:08:37.460] [Game] [info] Saving game...
[2025-04-20 12:09:55.325] [Game] [info] Shutting down...
[2025-04-20 12:09:55.326] [Game] [info] Shutdown complete.
[2025-04-20 12:10:07.151] [Game] [info] =========================> GAME LOG <=========================
[2025-04-20 12:11:10.624] [Game] [info] GOD Rafa has logged in from IP 127.0.0.1.
[2025-04-20 12:15:54.091] [Game] [info] GOD Rafa has logged out from IP 0.0.0.0.
[2025-04-20 14:09:20.648] [Game] [info] Saving game...
[2025-04-20 14:10:41.333] [Game] [info] Shutting down...
[2025-04-20 14:10:41.335] [Game] [info] Shutdown complete.
[2025-04-20 14:40:57.754] [Game] [info] =========================> GAME LOG <=========================
[2025-04-20 14:42:14.976] [Game] [info] GOD Rafa has logged in from IP 127.0.0.1.
[2025-04-20 14:42:47.351] [Game] [info] GOD Rafa has logged out from IP 0.0.0.0.
[2025-04-20 14:42:53.228] [Game] [info] GOD Rafa has logged in from IP 127.0.0.1.
[2025-04-20 19:13:25.267] [Game] [info] GOD Rafa has logged out from IP 127.0.0.1.
[2025-04-20 19:13:25.782] [Game] [info] Saving game...
[2025-04-20 19:14:43.522] [Game] [info] Shutting down...
[2025-04-20 19:14:43.525] [Game] [info] Shutdown complete.
[2025-04-20 19:17:06.443] [Game] [info] =========================> GAME LOG <=========================
[2025-04-20 19:18:33.308] [Game] [info] GOD Rafa has logged in from IP 127.0.0.1.
[2025-04-20 19:19:06.555] [Game] [info] GOD Rafa has logged out from IP 127.0.0.1.
[2025-04-20 19:19:07.075] [Game] [info] Saving game...
[2025-04-20 19:20:27.797] [Game] [info] Shutting down...
[2025-04-20 19:20:27.799] [Game] [info] Shutdown complete.
[2025-04-20 19:20:37.267] [Game] [info] =========================> GAME LOG <=========================
[2025-04-20 19:21:45.335] [Game] [info] GOD Rafa has logged in from IP 127.0.0.1.
[2025-04-20 19:23:16.871] [Game] [info] [GOD Rafa at (32368.0,32184.0,7.0) used command] /reload scripts
[2025-04-20 19:23:20.808] [Game] [info] GOD Rafa has logged out from IP 0.0.0.0.
[2025-04-20 19:23:24.366] [Game] [info] GOD Rafa has logged in from IP 127.0.0.1.
[2025-04-20 19:25:59.454] [Game] [info] [GOD Rafa at (32367.0,32187.0,7.0) used command] /reload scripts
[2025-04-20 19:26:07.798] [Game] [info] GOD Rafa has logged out from IP 0.0.0.0.
[2025-04-20 19:26:10.609] [Game] [info] GOD Rafa has logged in from IP 127.0.0.1.
[2025-04-20 19:27:48.615] [Game] [info] [GOD Rafa at (32367.0,32192.0,7.0) used command] /reload scripts
[2025-04-20 19:27:52.017] [Game] [info] GOD Rafa has logged out from IP 0.0.0.0.
[2025-04-20 19:27:54.758] [Game] [info] GOD Rafa has logged in from IP 127.0.0.1.
[2025-04-20 19:34:24.416] [Game] [info] [GOD Rafa at (32367.0,32192.0,7.0) used command] /reload scripts
[2025-04-20 19:34:29.670] [Game] [info] GOD Rafa has logged out from IP 0.0.0.0.
[2025-04-20 19:35:18.136] [Game] [info] GOD Rafa has logged in from IP 127.0.0.1.
[2025-04-20 19:35:18.594] [Game] [info] GOD Rafa has logged out from IP 127.0.0.1.
[2025-04-20 19:36:11.132] [Game] [info] Saving game...
[2025-04-20 19:37:29.000] [Game] [info] Shutting down...
[2025-04-20 19:37:29.002] [Game] [info] Shutdown complete.
[2025-04-20 19:38:21.259] [Game] [info] =========================> GAME LOG <=========================
[2025-04-20 19:38:24.875] [Game] [info] =========================> GAME LOG <=========================
[2025-04-20 19:39:18.056] [Game] [info] Saving game...
[2025-04-20 19:39:20.502] [Game] [info] GOD Rafa has logged in from IP 127.0.0.1.
[2025-04-20 19:39:20.968] [Game] [info] GOD Rafa has logged out from IP 127.0.0.1.
[2025-04-20 19:39:24.079] [Game] [info] GOD Rafa has logged in from IP 127.0.0.1.
[2025-04-20 19:39:24.531] [Game] [info] GOD Rafa has logged out from IP 127.0.0.1.
[2025-04-20 19:41:14.948] [Game] [info] Shutting down...
[2025-04-20 19:41:14.950] [Game] [info] Shutdown complete.
[2025-04-20 19:41:51.182] [Game] [info] Saving game...
[2025-04-20 19:43:10.121] [Game] [info] Shutting down...
[2025-04-20 19:43:10.123] [Game] [info] Shutdown complete.
[2025-04-20 19:43:31.065] [Game] [info] =========================> GAME LOG <=========================
[2025-04-20 19:44:29.216] [Game] [info] GOD Rafa has logged in from IP 127.0.0.1.
[2025-04-20 19:46:58.706] [Game] [info] [GOD Rafa at (32367.0,32192.0,7.0) used command] /reload scripts
[2025-04-20 19:47:02.690] [Game] [info] GOD Rafa has logged out from IP 0.0.0.0.
[2025-04-20 19:47:05.644] [Game] [info] GOD Rafa has logged in from IP 127.0.0.1.
[2025-04-20 19:57:22.888] [Game] [info] [GOD Rafa at (32367.0,32192.0,7.0) used command] /reload scripts
[2025-04-20 19:57:41.474] [Game] [info] GOD Rafa has logged out from IP 0.0.0.0.
[2025-04-20 19:57:45.181] [Game] [info] GOD Rafa has logged in from IP 127.0.0.1.
[2025-05-14 09:27:44.168] [Game] [info] =========================> GAME LOG <=========================
[2025-05-14 09:30:22.572] [Game] [info] =========================> GAME LOG <=========================
[2025-05-14 09:33:40.722] [Game] [info] =========================> GAME LOG <=========================
[2025-05-14 09:37:16.551] [Game] [info] =========================> GAME LOG <=========================
[2025-05-23 11:21:36.903] [Game] [info] =========================> GAME LOG <=========================
[2025-05-23 11:24:28.482] [Game] [info] GOD Rafa has logged in from IP 127.0.0.1.
[2025-05-23 11:24:46.978] [Game] [info] GOD Rafa has logged out from IP 0.0.0.0.
[2025-05-23 11:25:16.975] [Game] [info] Saving game...
[2025-05-23 11:26:41.253] [Game] [info] Shutting down...
[2025-05-23 11:26:41.254] [Game] [info] Shutdown complete.
[2025-05-23 11:27:26.315] [Game] [info] =========================> GAME LOG <=========================
[2025-05-23 11:28:28.242] [Game] [info] GOD Rafa has logged in from IP 127.0.0.1.
[2025-05-23 11:28:54.191] [Game] [info] [GOD Rafa at (32890.0,32348.0,15.0) used command] /town 1
[2025-05-23 11:30:09.958] [Game] [info] GOD Rafa has logged out from IP 0.0.0.0.
[2025-05-23 11:30:13.570] [Game] [info] Nyxclaw has logged in from IP 127.0.0.1.
[2025-05-23 11:32:57.753] [Game] [info] GOD Brognoli has logged in from IP 127.0.0.1.
[2025-05-23 11:33:52.342] [Game] [info] [GOD Brognoli at (32362.0,32215.0,7.0) used command] /m black sheep
[2025-05-23 11:37:55.750] [Game] [info] [GOD Brognoli at (32340.0,32216.0,7.0) used command] /reload all
[2025-05-23 11:38:10.409] [Game] [info] [GOD Brognoli at (32338.0,32216.0,7.0) used command] /m black sheep
[2025-05-23 11:40:40.456] [Game] [info] Nyxclaw has logged out from IP 0.0.0.0.
[2025-05-23 11:41:19.363] [Game] [info] Nyxclaw has logged in from IP 127.0.0.1.
[2025-05-23 11:59:58.787] [Game] [info] GOD Brognoli has logged out from IP 0.0.0.0.
[2025-05-23 12:05:37.418] [Game] [info] =========================> GAME LOG <=========================
[2025-05-23 12:06:39.792] [Game] [info] GOD Brognoli has logged in from IP 127.0.0.1.
[2025-05-23 12:06:45.369] [Game] [info] Nyxclaw has logged in from IP 127.0.0.1.
[2025-05-23 12:06:53.888] [Game] [info] [GOD Brognoli at (32338.0,32216.0,7.0) used command] /m black sheep
[2025-05-23 12:09:33.678] [Game] [info] Nyxclaw has logged out from IP 127.0.0.1.
[2025-05-23 12:09:34.118] [Game] [info] GOD Brognoli has logged out from IP 127.0.0.1.
[2025-05-23 12:09:34.603] [Game] [info] Saving game...
[2025-05-23 12:10:48.686] [Game] [info] Shutting down...
[2025-05-23 12:10:48.688] [Game] [info] Shutdown complete.
[2025-05-23 12:10:58.094] [Game] [info] =========================> GAME LOG <=========================
[2025-05-23 12:11:56.287] [Game] [info] Nyxclaw has logged in from IP 127.0.0.1.
[2025-05-23 12:11:57.611] [Game] [info] GOD Brognoli has logged in from IP 127.0.0.1.
[2025-05-23 12:12:03.258] [Game] [info] [GOD Brognoli at (32338.0,32216.0,7.0) used command] /m black sheep
[2025-05-23 12:14:50.067] [Game] [info] GOD Brognoli has logged out from IP 127.0.0.1.
[2025-05-23 12:14:50.443] [Game] [info] Nyxclaw has logged out from IP 127.0.0.1.
[2025-05-23 12:14:50.936] [Game] [info] Saving game...
[2025-05-23 12:15:20.204] [Game] [info] =========================> GAME LOG <=========================
[2025-05-23 12:15:59.729] [Game] [info] Shutting down...
[2025-05-23 12:15:59.730] [Game] [info] Shutdown complete.
[2025-05-23 12:16:20.231] [Game] [info] Nyxclaw has logged in from IP 127.0.0.1.
[2025-05-23 12:16:21.262] [Game] [info] GOD Brognoli has logged in from IP 127.0.0.1.
[2025-05-23 12:16:29.194] [Game] [info] [GOD Brognoli at (32338.0,32216.0,7.0) used command] /m black sheep
[2025-05-23 12:17:31.797] [Game] [info] [GOD Brognoli at (32338.0,32216.0,7.0) used command] /i sickle
[2025-05-23 12:33:41.184] [Game] [info] Nyxclaw has logged out from IP 127.0.0.1.
[2025-05-23 15:17:38.292] [Game] [info] Nyxcla 'w has logged in from IP 127.0.0.1.
[2025-05-23 15:17:46.209] [Game] [info] [GOD Brognoli at (32338.0,32216.0,7.0) used command] /m black sheep
[2025-05-23 15:19:08.690] [Game] [info] Nyxcla 'w has logged out from IP 127.0.0.1.
[2025-05-23 15:19:09.127] [Game] [info] GOD Brognoli has logged out from IP 127.0.0.1.
[2025-05-23 15:19:09.616] [Game] [info] Saving game...
[2025-05-23 15:20:17.220] [Game] [info] Shutting down...
[2025-05-23 15:20:17.222] [Game] [info] Shutdown complete.
[2025-05-30 15:08:15.022] [Game] [info] =========================> GAME LOG <=========================
[2025-05-30 15:09:35.497] [Game] [info] GOD Brognoli has logged in from IP 127.0.0.1.
[2025-05-30 15:09:54.330] [Game] [info] [GOD Brognoli at (33124.0,32841.0,8.0) used command] /i 5544
[2025-05-30 15:11:34.153] [Game] [info] [GOD Brognoli at (33124.0,32841.0,8.0) used command] /i 5108
[2025-05-30 15:13:41.711] [Game] [info] [GOD Brognoli at (33116.0,32872.0,7.0) used command] /i 5550
[2025-05-30 15:15:07.148] [Game] [info] [GOD Brognoli at (33118.0,32867.0,7.0) used command] /i 5092
[2025-05-30 15:15:43.049] [Game] [info] [GOD Brognoli at (33118.0,32867.0,7.0) used command] /i 5547
[2025-05-30 15:17:15.352] [Game] [info] [GOD Brognoli at (33118.0,32867.0,7.0) used command] /i 5549
[2025-05-30 15:17:22.721] [Game] [info] [GOD Brognoli at (33118.0,32867.0,7.0) used command] /i 5548
[2025-05-30 15:30:19.716] [Game] [info] [GOD Brognoli at (33123.0,32866.0,7.0) used command] /i 5576
[2025-05-30 15:30:32.042] [Game] [info] [GOD Brognoli at (33123.0,32866.0,7.0) used command] /i 5576
[2025-05-30 15:32:31.837] [Game] [info] GOD Brognoli has logged out from IP 0.0.0.0.
[2025-05-30 15:37:44.293] [Game] [info] Saving game...
[2025-05-30 15:38:55.142] [Game] [info] Shutting down...
[2025-05-30 15:38:55.144] [Game] [info] Shutdown complete.
[2025-05-30 15:39:13.029] [Game] [info] =========================> GAME LOG <=========================
[2025-05-30 15:41:57.279] [Game] [info] GOD Brognoli has logged in from IP 127.0.0.1.
[2025-05-30 15:43:12.731] [Game] [info] GOD Brognoli has logged out from IP 0.0.0.0.
[2025-05-30 15:43:54.722] [Game] [info] GOD Brognoli has logged in from IP 127.0.0.1.
[2025-05-30 15:45:16.160] [Game] [info] GOD Brognoli has logged out from IP 0.0.0.0.
[2025-05-30 15:52:41.798] [Game] [info] Saving game...
[2025-05-30 15:53:52.912] [Game] [info] Shutting down...
[2025-05-30 15:53:52.913] [Game] [info] Shutdown complete.
[2025-05-30 15:55:52.669] [Game] [info] =========================> GAME LOG <=========================
[2025-05-30 15:58:49.531] [Game] [info] GOD Brognoli has logged in from IP 127.0.0.1.
[2025-05-30 15:59:08.953] [Game] [info] GOD Brognoli has logged out from IP 0.0.0.0.
[2025-05-30 15:59:25.732] [Game] [info] GOD Rafa has logged in from IP 127.0.0.1.
[2025-05-30 15:59:44.170] [Game] [info] GOD Rafa has logged out from IP 0.0.0.0.
[2025-05-30 16:02:04.709] [Game] [info] Saving game...
[2025-05-30 16:03:17.520] [Game] [info] Shutting down...
[2025-05-30 16:03:17.522] [Game] [info] Shutdown complete.
[2025-05-30 16:06:00.710] [Game] [info] =========================> GAME LOG <=========================
[2025-05-30 16:07:09.996] [Game] [info] Fawkes'new has logged in from IP 127.0.0.1.
[2025-05-30 16:07:19.427] [Game] [info] Fawkes'new has logged out from IP 0.0.0.0.
[2025-05-30 16:08:45.715] [Game] [info] GOD Rafa has logged in from IP 127.0.0.1.
[2025-05-30 16:09:15.153] [Game] [info] GOD Rafa has logged out from IP 0.0.0.0.
[2025-06-02 07:19:22.590] [Game] [info] =========================> GAME LOG <=========================
[2025-06-02 07:21:42.071] [Game] [info] GOD Rafa has logged in from IP 127.0.0.1.
[2025-06-02 07:24:32.825] [Game] [info] GOD Rafa has logged out from IP 0.0.0.0.
[2025-06-02 07:24:33.353] [Game] [info] Saving game...
[2025-06-02 07:25:54.833] [Game] [info] Shutting down...
[2025-06-02 07:25:54.835] [Game] [info] Shutdown complete.
[2025-06-02 07:27:01.459] [Game] [info] =========================> GAME LOG <=========================
[2025-06-02 07:28:17.994] [Game] [info] Fawkes'new has logged in from IP 127.0.0.1.
[2025-06-02 07:28:26.461] [Game] [info] Fawkes'new has logged out from IP 0.0.0.0.
[2025-06-02 07:28:36.810] [Game] [info] GOD Rafa has logged in from IP 127.0.0.1.
[2025-06-02 07:30:34.308] [Game] [info] GOD Rafa has logged out from IP 0.0.0.0.
[2025-06-02 07:30:39.941] [Game] [info] GOD Rafa has logged in from IP 127.0.0.1.
[2025-06-02 07:30:44.146] [Game] [info] [GOD Rafa at (32367.0,32189.0,7.0) used command] /i 5582
[2025-06-02 07:31:18.567] [Game] [info] [GOD Rafa at (32367.0,32184.0,7.0) used command] /i 5583
[2025-06-02 07:33:55.556] [Game] [info] [GOD Rafa at (32368.0,32183.0,7.0) used command] /reload all
[2025-06-02 07:34:21.971] [Game] [info] GOD Rafa has logged out from IP 0.0.0.0.
[2025-06-02 07:34:34.357] [Game] [info] GOD Rafa has logged in from IP 127.0.0.1.
[2025-06-02 07:35:07.823] [Game] [info] GOD Rafa has logged out from IP 0.0.0.0.
[2025-06-02 07:35:10.672] [Game] [info] GOD Rafa has logged in from IP 127.0.0.1.
[2025-06-02 07:35:23.136] [Game] [info] GOD Rafa has logged out from IP 0.0.0.0.
[2025-06-02 07:37:47.662] [Game] [info] GOD Rafa has logged in from IP 127.0.0.1.
[2025-06-02 07:37:59.124] [Game] [info] GOD Rafa has logged out from IP 0.0.0.0.
[2025-06-02 07:38:53.927] [Game] [info] GOD Rafa has logged in from IP 127.0.0.1.
[2025-06-02 07:39:04.407] [Game] [info] GOD Rafa has logged out from IP 0.0.0.0.
[2025-06-02 07:39:58.081] [Game] [info] GOD Rafa has logged in from IP 127.0.0.1.
[2025-06-02 07:40:30.555] [Game] [info] GOD Rafa has logged out from IP 0.0.0.0.
[2025-06-02 07:40:37.660] [Game] [info] GOD Rafa has logged in from IP 127.0.0.1.
[2025-06-02 07:42:23.390] [Game] [info] GOD Rafa has logged out from IP 127.0.0.1.
[2025-06-02 07:42:23.914] [Game] [info] Saving game...
[2025-06-02 07:43:45.396] [Game] [info] Shutting down...
[2025-06-02 07:43:45.398] [Game] [info] Shutdown complete.
[2025-06-02 07:43:57.040] [Game] [info] =========================> GAME LOG <=========================
[2025-06-02 07:45:05.335] [Game] [info] GOD Rafa has logged in from IP 127.0.0.1.
[2025-06-02 07:45:32.841] [Game] [info] GOD Rafa has logged out from IP 0.0.0.0.
[2025-06-02 07:45:47.113] [Game] [info] GOD Rafa has logged in from IP 127.0.0.1.
[2025-06-02 07:46:40.646] [Game] [info] [GOD Rafa at (32370.0,32175.0,7.0) used command] /i 5583
[2025-06-02 07:46:45.501] [Game] [info] [GOD Rafa at (32370.0,32175.0,7.0) used command] /i 5584
[2025-06-02 07:50:45.146] [Game] [info] GOD Rafa has logged out from IP 0.0.0.0.
[2025-06-02 07:51:13.899] [Game] [info] GOD Rafa has logged in from IP 127.0.0.1.
[2025-06-02 07:51:26.069] [Game] [info] [GOD Rafa at (32369.0,32176.0,7.0) used command] /i 5583
[2025-06-02 07:51:50.367] [Game] [info] GOD Rafa has logged out from IP 0.0.0.0.
[2025-06-02 07:52:03.669] [Game] [info] GOD Rafa has logged in from IP 127.0.0.1.
[2025-06-02 07:54:22.714] [Game] [info] [GOD Rafa at (32367.0,32174.0,7.0) used command] /reload all
[2025-06-02 07:54:28.178] [Game] [info] GOD Rafa has logged out from IP 0.0.0.0.
[2025-06-02 07:54:44.566] [Game] [info] GOD Rafa has logged in from IP 127.0.0.1.
[2025-06-02 07:55:20.388] [Game] [info] [GOD Rafa at (32368.0,32175.0,7.0) used command] /i 5583
[2025-06-02 07:56:18.481] [Game] [info] [GOD Rafa at (32368.0,32178.0,7.0) used command] /i 5583
[2025-06-02 07:56:24.202] [Game] [info] [GOD Rafa at (32368.0,32178.0,7.0) used command] /i 5584
[2025-06-02 07:56:37.038] [Game] [info] GOD Rafa has logged out from IP 0.0.0.0.
[2025-06-02 07:56:38.890] [Game] [info] GOD Rafa has logged in from IP 127.0.0.1.
[2025-06-02 08:14:21.399] [Game] [info] GOD Rafa has logged out from IP 127.0.0.1.
[2025-06-02 08:14:21.929] [Game] [info] Saving game...
[2025-06-02 08:15:43.414] [Game] [info] Shutting down...
[2025-06-02 08:15:43.415] [Game] [info] Shutdown complete.
[2025-06-02 08:15:51.609] [Game] [info] =========================> GAME LOG <=========================
[2025-06-02 08:17:12.673] [Game] [info] GOD Rafa has logged in from IP 127.0.0.1.
[2025-06-02 08:17:54.673] [Game] [info] GOD Rafa has logged out from IP 127.0.0.1.
[2025-06-02 08:17:55.204] [Game] [info] Saving game...
[2025-06-02 08:19:16.643] [Game] [info] Shutting down...
[2025-06-02 08:19:16.645] [Game] [info] Shutdown complete.
[2025-06-02 08:24:32.381] [Game] [info] =========================> GAME LOG <=========================
[2025-06-02 08:25:55.691] [Game] [info] GOD Rafa has logged in from IP 127.0.0.1.
[2025-06-02 08:27:18.802] [Game] [info] GOD Rafa has logged out from IP 127.0.0.1.
[2025-06-02 08:27:19.256] [Game] [info] Saving game...
[2025-06-02 08:28:29.556] [Game] [info] Shutting down...
[2025-06-02 08:28:29.557] [Game] [info] Shutdown complete.
[2025-06-02 08:31:11.589] [Game] [info] =========================> GAME LOG <=========================
[2025-06-02 08:32:24.984] [Game] [info] =========================> GAME LOG <=========================
[2025-06-02 08:34:10.892] [Game] [info] GOD Rafa has logged in from IP 127.0.0.1.
[2025-06-02 08:34:16.618] [Game] [info] =========================> GAME LOG <=========================
[2025-06-02 08:38:04.640] [Game] [info] =========================> GAME LOG <=========================
[2025-06-02 08:39:26.619] [Game] [info] GOD Rafa has logged in from IP 127.0.0.1.
[2025-06-02 08:39:32.051] [Game] [info] GOD Rafa has logged out from IP 127.0.0.1.
[2025-06-02 08:39:33.062] [Game] [info] =========================> GAME LOG <=========================
[2025-06-02 08:39:39.917] [Game] [info] Saving game...
[2025-06-02 08:41:01.854] [Game] [info] Shutting down...
[2025-06-02 08:41:01.856] [Game] [info] Shutdown complete.
[2025-06-02 08:41:31.650] [Game] [info] GOD Rafa has logged in from IP 127.0.0.1.
[2025-06-02 08:41:45.743] [Game] [info] GOD Rafa has logged out from IP 127.0.0.1.
[2025-06-02 08:41:53.960] [Game] [info] Saving game...
[2025-06-02 08:42:37.503] [Game] [info] =========================> GAME LOG <=========================
[2025-06-02 08:43:15.948] [Game] [info] Shutting down...
[2025-06-02 08:43:15.949] [Game] [info] Shutdown complete.
[2025-06-02 08:43:39.785] [Game] [info] GOD Rafa has logged in from IP 127.0.0.1.
[2025-06-02 08:43:44.267] [Game] [info] GOD Rafa has logged out from IP 0.0.0.0.
[2025-06-03 13:47:07.755] [Game] [info] =========================> GAME LOG <=========================
[2025-06-03 13:47:18.460] [Game] [info] =========================> GAME LOG <=========================
[2025-06-03 14:20:32.397] [Game] [info] =========================> GAME LOG <=========================
[2025-06-03 14:20:54.664] [Game] [info] =========================> GAME LOG <=========================
[2025-06-03 14:21:00.691] [Game] [info] =========================> GAME LOG <=========================
[2025-06-03 14:21:33.385] [Game] [info] Saving game...
[2025-06-03 14:23:00.885] [Game] [info] Shutting down...
[2025-06-03 14:23:00.886] [Game] [info] Shutdown complete.
[2025-06-03 15:07:28.797] [Game] [info] =========================> GAME LOG <=========================
[2025-06-03 15:09:48.607] [Game] [info] Saving game...
[2025-06-03 15:11:15.934] [Game] [info] Shutting down...
[2025-06-03 15:11:15.936] [Game] [info] Shutdown complete.
[2025-06-03 15:11:40.139] [Game] [info] =========================> GAME LOG <=========================
[2025-06-03 15:16:42.151] [Game] [info] GOD Rafa has logged in from IP 127.0.0.1.
[2025-06-03 15:16:46.447] [Game] [info] GOD Rafa has logged out from IP 127.0.0.1.
[2025-06-03 15:16:47.459] [Game] [info] =========================> GAME LOG <=========================
[2025-06-03 15:16:54.807] [Game] [info] Saving game...
[2025-06-03 15:18:22.359] [Game] [info] Shutting down...
[2025-06-03 15:18:22.361] [Game] [info] Shutdown complete.
[2025-06-03 15:18:52.607] [Game] [info] GOD Rafa has logged in from IP 127.0.0.1.
[2025-06-03 16:05:06.981] [Game] [info] GOD Rafa has logged out from IP 127.0.0.1.
[2025-06-03 16:05:15.153] [Game] [info] Saving game...
[2025-06-03 16:06:26.274] [Game] [info] Shutting down...
[2025-06-03 16:06:26.276] [Game] [info] Shutdown complete.
[2025-06-03 16:09:57.108] [Game] [info] =========================> GAME LOG <=========================
[2025-06-03 16:10:58.694] [Game] [info] GOD Rafa has logged in from IP 127.0.0.1.
[2025-06-03 16:19:08.261] [Game] [info] [GOD Rafa at (32355.0,32186.0,7.0) used command] /m Dark Torturer
[2025-06-03 16:19:08.942] [Game] [info] [GOD Rafa at (32355.0,32186.0,7.0) used command] /m Dark Torturer
[2025-06-03 16:19:09.652] [Game] [info] [GOD Rafa at (32355.0,32186.0,7.0) used command] /m Dark Torturer
[2025-06-03 16:22:01.597] [Game] [info] [GOD Rafa at (32356.0,32188.0,7.0) used command] /m Dark Torturer
[2025-06-03 16:22:02.682] [Game] [info] [GOD Rafa at (32356.0,32188.0,7.0) used command] /m Dark Torturer
[2025-06-03 16:28:29.769] [Game] [info] GOD Rafa has logged out from IP 127.0.0.1.
[2025-06-03 16:28:30.728] [Game] [info] =========================> GAME LOG <=========================
[2025-06-03 16:28:37.902] [Game] [info] Saving game...
[2025-06-03 16:29:50.570] [Game] [info] Shutting down...
[2025-06-03 16:29:50.571] [Game] [info] Shutdown complete.
[2025-06-03 16:30:11.001] [Game] [info] Saving game...
[2025-06-03 16:30:21.553] [Game] [info] =========================> GAME LOG <=========================
[2025-06-03 16:31:33.196] [Game] [info] Shutting down...
[2025-06-03 16:31:33.197] [Game] [info] Shutdown complete.
[2025-06-03 16:32:09.622] [Game] [info] GOD Rafa has logged in from IP 127.0.0.1.
[2025-06-03 16:32:18.180] [Game] [info] [GOD Rafa at (32356.0,32188.0,7.0) used command] /m Dark Torturer
[2025-06-03 16:33:27.605] [Game] [info] [GOD Rafa at (32358.0,32191.0,7.0) used command] /m Dark Torturer
[2025-06-03 16:33:28.173] [Game] [info] [GOD Rafa at (32358.0,32191.0,7.0) used command] /m Dark Torturer
[2025-06-03 16:33:28.707] [Game] [info] [GOD Rafa at (32358.0,32191.0,7.0) used command] /m Dark Torturer
[2025-06-03 16:46:16.772] [Game] [info] [GOD Rafa at (32355.0,32182.0,7.0) used command] /reload all
[2025-06-03 16:48:48.584] [Game] [info] [GOD Rafa at (32354.0,32180.0,7.0) used command] /reload all
[2025-06-03 16:49:42.072] [Game] [info] [GOD Rafa at (32354.0,32182.0,7.0) used command] /reload all
[2025-06-03 16:51:26.380] [Game] [info] [GOD Rafa at (32357.0,32181.0,7.0) used command] /reload all
[2025-06-03 16:52:32.645] [Game] [info] [GOD Rafa at (32355.0,32182.0,7.0) used command] /reload all
[2025-06-03 16:54:42.488] [Game] [info] [GOD Rafa at (32355.0,32182.0,7.0) used command] /reload all
[2025-06-03 16:57:09.196] [Game] [info] [GOD Rafa at (32353.0,32183.0,7.0) used command] /reload all
[2025-06-03 16:58:56.632] [Game] [info] [GOD Rafa at (32353.0,32183.0,7.0) used command] /reload all
[2025-06-03 17:00:11.694] [Game] [info] [GOD Rafa at (32353.0,32182.0,7.0) used command] /reload all
[2025-06-03 17:03:46.183] [Game] [info] [GOD Rafa at (32354.0,32183.0,7.0) used command] /reload all
[2025-06-03 17:08:51.487] [Game] [info] [GOD Rafa at (32353.0,32185.0,7.0) used command] /reload all
[2025-06-03 17:10:28.259] [Game] [info] [GOD Rafa at (32357.0,32185.0,7.0) used command] /reload all
[2025-06-03 17:11:51.581] [Game] [info] [GOD Rafa at (32357.0,32185.0,7.0) used command] /reload all
[2025-06-03 17:12:06.991] [Game] [info] GOD Rafa has logged out from IP 0.0.0.0.
[2025-06-03 17:12:09.619] [Game] [info] GOD Rafa has logged in from IP 127.0.0.1.
[2025-06-03 17:13:31.417] [Game] [info] [GOD Rafa at (32357.0,32185.0,7.0) used command] /reload all
[2025-06-03 17:14:28.648] [Game] [info] [GOD Rafa at (32355.0,32186.0,7.0) used command] /reload all
[2025-06-03 17:17:11.312] [Game] [info] [GOD Rafa at (32355.0,32186.0,7.0) used command] /reload all
[2025-06-03 17:20:16.495] [Game] [info] [GOD Rafa at (32354.0,32186.0,7.0) used command] /reload all
[2025-06-03 17:21:32.034] [Game] [info] [GOD Rafa at (32354.0,32186.0,7.0) used command] /reload all
[2025-06-03 17:22:39.950] [Game] [info] [GOD Rafa at (32354.0,32186.0,7.0) used command] /reload all
[2025-06-03 17:23:49.864] [Game] [info] [GOD Rafa at (32355.0,32186.0,7.0) used command] /reload all
[2025-06-03 17:25:00.005] [Game] [info] [GOD Rafa at (32355.0,32186.0,7.0) used command] /reload all
[2025-06-03 17:26:03.022] [Game] [info] [GOD Rafa at (32355.0,32185.0,7.0) used command] /reload all
[2025-06-03 17:27:32.917] [Game] [info] [GOD Rafa at (32355.0,32185.0,7.0) used command] /reload all
[2025-06-03 17:29:55.131] [Game] [info] [GOD Rafa at (32355.0,32185.0,7.0) used command] /reload all
[2025-06-03 17:31:00.751] [Game] [info] [GOD Rafa at (32355.0,32186.0,7.0) used command] /reload all
[2025-06-03 17:31:34.525] [Game] [info] [GOD Rafa at (32355.0,32186.0,7.0) used command] /reload all
[2025-06-03 17:39:17.887] [Game] [info] GOD Rafa has logged out from IP 0.0.0.0.
[2025-06-04 08:19:19.036] [Game] [info] =========================> GAME LOG <=========================
[2025-06-04 08:20:24.174] [Game] [info] Fawkes'new has logged in from IP 127.0.0.1.
[2025-06-04 08:21:09.601] [Game] [info] Fawkes'new has logged out from IP 0.0.0.0.
[2025-06-04 08:21:13.024] [Game] [info] GOD Rafa has logged in from IP 127.0.0.1.
[2025-06-04 08:22:03.471] [Game] [info] GOD Rafa has logged out from IP 0.0.0.0.
[2025-06-04 08:22:07.886] [Game] [info] Fawkes'new has logged in from IP 127.0.0.1.
[2025-06-04 08:22:18.312] [Game] [info] Fawkes'new has logged out from IP 0.0.0.0.
[2025-06-04 08:22:22.468] [Game] [info] GOD Rafa has logged in from IP 127.0.0.1.
[2025-06-04 08:24:53.730] [Game] [info] [GOD Rafa at (32368.0,32188.0,7.0) used command] /reload all
[2025-06-04 08:24:58.959] [Game] [info] GOD Rafa has logged out from IP 0.0.0.0.
[2025-06-04 08:25:01.783] [Game] [info] Fawkes'new has logged in from IP 127.0.0.1.
[2025-06-04 08:25:24.216] [Game] [info] Fawkes'new has logged out from IP 0.0.0.0.
[2025-06-04 08:25:28.176] [Game] [info] GOD Rafa has logged in from IP 127.0.0.1.
[2025-06-04 08:25:39.790] [Game] [info] [GOD Rafa at (32368.0,32215.0,7.0) used command] /m Dark Torturer
[2025-06-04 08:25:45.561] [Game] [info] [GOD Rafa at (32367.0,32216.0,7.0) used command] /m Dark Torturer
[2025-06-04 08:26:10.966] [Game] [info] [GOD Rafa at (32369.0,32223.0,7.0) used command] /m Dark Torturer
[2025-06-04 08:27:39.654] [Game] [info] GOD Rafa has logged out from IP 0.0.0.0.
[2025-06-04 08:27:46.292] [Game] [info] Nyxcla'w has logged in from IP 127.0.0.1.
[2025-06-04 08:27:50.791] [Game] [info] Nyxcla'w died in ( 32376 / 32187 / 007 )
[2025-06-04 08:27:50.792] [Game] [info] Nyxcla'w has logged out from IP 127.0.0.1.
[2025-06-04 08:28:11.810] [Game] [info] GOD Rafa has logged in from IP 127.0.0.1.
[2025-06-04 08:30:04.867] [Game] [info] [GOD Rafa at (32367.0,32209.0,7.0) used command] /reload all
[2025-06-04 08:30:34.954] [Game] [info] [GOD Rafa at (32368.0,32209.0,7.0) used command] /reload all
[2025-06-04 08:31:01.491] [Game] [info] [GOD Rafa at (32369.0,32210.0,7.0) used command] /reload all
[2025-06-04 08:31:27.123] [Game] [info] [GOD Rafa at (32369.0,32210.0,7.0) used command] /reload all
[2025-06-04 08:34:13.209] [Game] [info] [GOD Rafa at (32369.0,32207.0,7.0) used command] /reload all
[2025-06-04 08:34:24.421] [Game] [info] GOD Rafa has logged out from IP 0.0.0.0.
[2025-06-04 08:34:28.016] [Game] [info] Nyxcla'w has logged in from IP 127.0.0.1.
[2025-06-04 08:38:56.456] [Game] [info] Nyxcla'w has logged out from IP 0.0.0.0.
[2025-06-04 08:38:58.988] [Game] [info] GOD Rafa has logged in from IP 127.0.0.1.
[2025-06-04 08:39:13.302] [Game] [info] [GOD Rafa at (32369.0,32206.0,7.0) used command] /reload all
[2025-06-04 08:40:20.518] [Game] [info] GOD Rafa has logged out from IP 0.0.0.0.
[2025-06-04 08:40:23.707] [Game] [info] Nyxcla'w has logged in from IP 127.0.0.1.
[2025-06-04 08:40:43.131] [Game] [info] Nyxcla'w has logged out from IP 0.0.0.0.
[2025-06-04 08:40:46.598] [Game] [info] GOD Rafa has logged in from IP 127.0.0.1.
[2025-06-04 08:44:02.602] [Game] [info] [GOD Rafa at (32368.0,32210.0,7.0) used command] /reload all
[2025-06-04 08:44:06.272] [Game] [info] [GOD Rafa at (32369.0,32214.0,7.0) used command] /reload all
[2025-06-04 08:44:12.776] [Game] [info] [GOD Rafa at (32368.0,32214.0,7.0) used command] /reload all
[2025-06-04 08:46:18.803] [Game] [info] [GOD Rafa at (32368.0,32206.0,7.0) used command] /reload all
[2025-06-04 08:57:42.958] [Game] [info] GOD Rafa has logged out from IP 127.0.0.1.
[2025-06-04 08:57:52.047] [Game] [info] Saving game...
[2025-06-04 08:59:03.088] [Game] [info] Shutting down...
[2025-06-04 08:59:03.090] [Game] [info] Shutdown complete.
[2025-06-04 09:02:23.444] [Game] [info] =========================> GAME LOG <=========================
[2025-06-04 09:04:22.111] [Game] [info] GOD Rafa has logged in from IP 127.0.0.1.
[2025-06-04 09:12:30.201] [Game] [info] [GOD Rafa at (32368.0,32208.0,7.0) used command] /reload all
[2025-06-04 09:12:40.341] [Game] [info] [GOD Rafa at (32368.0,32208.0,7.0) used command] /reload all
[2025-06-04 09:12:50.391] [Game] [info] [GOD Rafa at (32368.0,32208.0,7.0) used command] /reload all
[2025-06-04 09:12:52.655] [Game] [info] [GOD Rafa at (32368.0,32208.0,7.0) used command] /reload all
[2025-06-04 09:14:21.496] [Game] [info] [GOD Rafa at (32368.0,32208.0,7.0) used command] /reload all
[2025-06-04 09:15:52.515] [Game] [info] [GOD Rafa at (32368.0,32208.0,7.0) used command] /reload all
[2025-06-04 09:16:09.108] [Game] [info] [GOD Rafa at (32369.0,32209.0,7.0) used command] /reload all
[2025-06-04 09:18:37.266] [Game] [info] [GOD Rafa at (32368.0,32208.0,7.0) used command] /reload all
[2025-06-04 09:18:39.504] [Game] [info] [GOD Rafa at (32368.0,32208.0,7.0) used command] /reload all
[2025-06-04 09:19:38.943] [Game] [info] [GOD Rafa at (32368.0,32208.0,7.0) used command] /reload all
[2025-06-04 09:23:09.628] [Game] [info] [GOD Rafa at (32368.0,32208.0,7.0) used command] /reload all
[2025-06-04 09:24:41.078] [Game] [info] [GOD Rafa at (32368.0,32208.0,7.0) used command] /reload all
[2025-06-04 09:24:51.185] [Game] [info] [GOD Rafa at (32368.0,32208.0,7.0) used command] /reload all
[2025-06-04 09:24:53.451] [Game] [info] [GOD Rafa at (32368.0,32208.0,7.0) used command] /reload all
[2025-06-04 09:24:55.731] [Game] [info] [GOD Rafa at (32368.0,32208.0,7.0) used command] /reload all
[2025-06-04 09:26:04.706] [Game] [info] [GOD Rafa at (32368.0,32208.0,7.0) used command] /reload all
[2025-06-04 09:28:21.112] [Game] [info] [GOD Rafa at (32368.0,32208.0,7.0) used command] /reload all
[2025-06-04 09:30:19.493] [Game] [info] [GOD Rafa at (32368.0,32208.0,7.0) used command] /i magic longsword
[2025-06-04 09:30:47.259] [Game] [info] [GOD Rafa at (32362.0,32215.0,7.0) used command] /reload all
[2025-06-04 09:31:36.093] [Game] [info] [GOD Rafa at (32368.0,32211.0,7.0) used command] /reload all
[2025-06-04 09:31:48.537] [Game] [info] [GOD Rafa at (32368.0,32210.0,7.0) used command] /reload all
[2025-06-04 09:33:08.943] [Game] [info] [GOD Rafa at (32369.0,32207.0,7.0) used command] /reload all
[2025-06-04 09:35:54.364] [Game] [info] [GOD Rafa at (32367.0,32214.0,7.0) used command] /reload all
[2025-06-04 09:36:07.754] [Game] [info] [GOD Rafa at (32366.0,32214.0,7.0) used command] /reload all
[2025-06-04 09:40:18.220] [Game] [info] [GOD Rafa at (32369.0,32214.0,8.0) used command] /reload all
[2025-06-04 09:42:21.275] [Game] [info] [GOD Rafa at (32369.0,32214.0,8.0) used command] /reload all
[2025-06-04 09:42:30.147] [Game] [info] [GOD Rafa at (32369.0,32214.0,8.0) used command] /reload all
[2025-06-04 09:47:01.294] [Game] [info] [GOD Rafa at (32366.0,32214.0,8.0) used command] /reload all
[2025-06-04 09:47:18.556] [Game] [info] [GOD Rafa at (32366.0,32214.0,8.0) used command] /reload all
[2025-06-04 09:49:08.135] [Game] [info] [GOD Rafa at (32366.0,32214.0,8.0) used command] /reload all
[2025-06-04 09:49:44.474] [Game] [info] GOD Rafa has logged out from IP 0.0.0.0.
[2025-06-04 09:49:46.488] [Game] [info] GOD Rafa has logged in from IP 127.0.0.1.
[2025-06-04 09:51:05.989] [Game] [info] GOD Rafa has logged out from IP 0.0.0.0.
[2025-06-04 09:52:48.151] [Game] [info] GOD Rafa has logged in from IP 127.0.0.1.
[2025-06-04 09:52:50.255] [Game] [info] [GOD Rafa at (32368.0,32214.0,8.0) used command] /reload all
[2025-06-04 09:54:21.480] [Game] [info] [GOD Rafa at (32368.0,32215.0,8.0) used command] /reload all
[2025-06-04 09:55:24.156] [Game] [info] [GOD Rafa at (32368.0,32215.0,8.0) used command] /reload all
[2025-06-04 09:59:00.466] [Game] [info] [GOD Rafa at (32369.0,32215.0,8.0) used command] /reload all
[2025-06-04 09:59:42.926] [Game] [info] [GOD Rafa at (32369.0,32215.0,8.0) used command] /reload all
[2025-06-04 09:59:54.468] [Game] [info] [GOD Rafa at (32368.0,32215.0,8.0) used command] /reload all
[2025-06-04 10:00:57.508] [Game] [info] [GOD Rafa at (32368.0,32215.0,8.0) used command] /reload all
[2025-06-04 10:01:21.041] [Game] [info] [GOD Rafa at (32368.0,32215.0,8.0) used command] /reload all
[2025-06-04 10:03:09.256] [Game] [info] [GOD Rafa at (32369.0,32214.0,8.0) used command] /reload all
[2025-06-04 10:04:37.651] [Game] [info] [GOD Rafa at (32364.0,32242.0,8.0) used command] /reload all
[2025-06-04 10:07:28.228] [Game] [info] [GOD Rafa at (32359.0,32240.0,8.0) used command] /reload all
[2025-06-04 10:08:59.284] [Game] [info] [GOD Rafa at (32359.0,32241.0,8.0) used command] /reload all
[2025-06-04 10:10:56.553] [Game] [info] [GOD Rafa at (32359.0,32241.0,8.0) used command] /reload all
[2025-06-04 10:11:56.542] [Game] [info] [GOD Rafa at (32359.0,32241.0,8.0) used command] /reload all
[2025-06-04 10:13:55.084] [Game] [info] [GOD Rafa at (32359.0,32241.0,8.0) used command] /reload all
[2025-06-04 10:18:00.263] [Game] [info] [GOD Rafa at (32359.0,32241.0,8.0) used command] /reload all
[2025-06-04 10:19:42.809] [Game] [info] [GOD Rafa at (32361.0,32242.0,8.0) used command] /reload all
[2025-06-04 10:21:07.127] [Game] [info] [GOD Rafa at (32361.0,32242.0,8.0) used command] /reload all
[2025-06-04 10:21:18.532] [Game] [info] [GOD Rafa at (32362.0,32242.0,8.0) used command] /reload all
[2025-06-04 10:22:47.160] [Game] [info] [GOD Rafa at (32362.0,32242.0,8.0) used command] /reload all
[2025-06-04 10:24:32.238] [Game] [info] [GOD Rafa at (32366.0,32241.0,8.0) used command] /i bag
[2025-06-04 10:25:19.063] [Game] [info] GOD Rafa has logged out from IP 0.0.0.0.
[2025-06-04 10:25:22.354] [Game] [info] GOD Rafa has logged in from IP 127.0.0.1.
[2025-06-04 10:33:56.931] [Game] [info] [GOD Rafa at (32366.0,32243.0,8.0) used command] /reload all
[2025-06-04 10:37:24.741] [Game] [info] =========================> GAME LOG <=========================
[2025-06-04 10:38:26.431] [Game] [info] Saving game...
[2025-06-04 10:38:40.519] [Game] [info] =========================> GAME LOG <=========================
[2025-06-04 10:42:56.547] [Game] [info] GOD Rafa has logged out from IP 0.0.0.0.
[2025-06-04 10:43:11.242] [Game] [info] Shutting down...
[2025-06-04 10:43:11.244] [Game] [info] Shutdown complete.
[2025-06-04 10:43:56.831] [Game] [info] Saving game...
[2025-06-04 10:45:09.774] [Game] [info] Shutting down...
[2025-06-04 10:45:09.775] [Game] [info] Shutdown complete.
[2025-06-04 10:48:10.352] [Game] [info] =========================> GAME LOG <=========================
[2025-06-04 10:49:05.935] [Game] [info] =========================> GAME LOG <=========================
[2025-06-04 10:51:33.013] [Game] [info] =========================> GAME LOG <=========================
[2025-06-04 10:51:40.150] [Game] [info] =========================> GAME LOG <=========================
[2025-06-04 11:00:11.175] [Game] [info] =========================> GAME LOG <=========================
[2025-06-04 11:01:13.049] [Game] [info] GOD Rafa has logged in from IP 127.0.0.1.
[2025-06-04 11:01:31.716] [Game] [info] [GOD Rafa at (32364.0,32242.0,8.0) used command] /t
[2025-06-04 11:01:42.961] [Game] [info] [GOD Rafa at (32095.0,32169.0,7.0) used command] /town 1
[2025-06-04 11:10:46.086] [Game] [info] GOD Rafa has logged out from IP 0.0.0.0.
[2025-06-04 11:11:16.728] [Game] [info] GOD Rafa has logged in from IP 127.0.0.1.
[2025-06-04 11:13:00.808] [Game] [info] =========================> GAME LOG <=========================
[2025-06-04 11:14:23.898] [Game] [info] GOD Rafa has logged in from IP 127.0.0.1.
[2025-06-04 11:17:13.636] [Game] [info] =========================> GAME LOG <=========================
[2025-06-04 11:18:15.614] [Game] [info] GOD Rafa has logged in from IP 127.0.0.1.
[2025-06-04 11:26:16.883] [Game] [info] [GOD Rafa at (32367.0,32190.0,7.0) used command] /reload all
[2025-06-04 11:26:19.174] [Game] [info] [GOD Rafa at (32367.0,32190.0,7.0) used command] /reload all
[2025-06-04 11:31:45.475] [Game] [info] GOD Rafa has logged out from IP 0.0.0.0.
[2025-06-04 11:32:03.404] [Game] [info] =========================> GAME LOG <=========================
[2025-06-04 11:33:06.924] [Game] [info] GOD Rafa has logged in from IP 127.0.0.1.
[2025-06-04 11:56:15.161] [Game] [info] [GOD Rafa at (32368.0,32190.0,7.0) used command] /reload all
[2025-06-04 11:56:31.433] [Game] [info] GOD Rafa has logged out from IP 0.0.0.0.
[2025-06-04 11:56:33.446] [Game] [info] GOD Rafa has logged in from IP 127.0.0.1.
[2025-06-04 11:57:05.145] [Game] [info] [GOD Rafa at (32368.0,32190.0,7.0) used command] /reload all
[2025-06-04 11:58:38.859] [Game] [info] [GOD Rafa at (32368.0,32190.0,7.0) used command] /reload all
[2025-06-04 11:58:42.828] [Game] [info] [GOD Rafa at (32368.0,32190.0,7.0) used command] /reload all
[2025-06-04 12:02:24.990] [Game] [info] [GOD Rafa at (32368.0,32190.0,7.0) used command] /reload all
[2025-06-04 12:02:33.839] [Game] [info] GOD Rafa has logged out from IP 127.0.0.1.
[2025-06-04 12:02:36.648] [Game] [info] GOD Rafa has logged in from IP 127.0.0.1.
[2025-06-04 12:03:24.531] [Game] [info] [GOD Rafa at (32368.0,32190.0,7.0) used command] /reload all
[2025-06-04 12:03:31.222] [Game] [info] GOD Rafa has logged out from IP 127.0.0.1.
[2025-06-04 12:03:33.562] [Game] [info] GOD Rafa has logged in from IP 127.0.0.1.
[2025-06-04 12:04:06.198] [Game] [info] GOD Rafa has logged out from IP 127.0.0.1.
[2025-06-04 12:04:14.110] [Game] [info] GOD Rafa has logged in from IP 127.0.0.1.
[2025-06-04 12:04:29.482] [Game] [info] [GOD Rafa at (32368.0,32191.0,7.0) used command] /reload all
[2025-06-04 12:04:35.188] [Game] [info] GOD Rafa has logged out from IP 127.0.0.1.
[2025-06-04 12:04:43.111] [Game] [info] GOD Rafa has logged in from IP 127.0.0.1.
[2025-06-04 13:48:07.523] [Game] [info] [GOD Rafa at (32367.0,32190.0,7.0) used command] /i ravenor coins
[2025-06-04 13:48:36.210] [Game] [info] [GOD Rafa at (32367.0,32190.0,7.0) used command] /i 5092
[2025-06-04 14:05:42.321] [Game] [info] =========================> GAME LOG <=========================
[2025-06-04 14:06:40.380] [Game] [info] GOD Rafa has logged in from IP 127.0.0.1.
[2025-06-04 14:10:27.745] [Game] [info] =========================> GAME LOG <=========================
[2025-06-04 14:11:30.497] [Game] [info] GOD Rafa has logged in from IP 127.0.0.1.
[2025-06-04 14:12:55.936] [Game] [info] =========================> GAME LOG <=========================
[2025-06-04 14:13:54.648] [Game] [info] GOD Rafa has logged in from IP 127.0.0.1.
[2025-06-04 14:14:59.038] [Game] [info] =========================> GAME LOG <=========================
[2025-06-04 14:15:58.681] [Game] [info] GOD Rafa has logged in from IP 127.0.0.1.
[2025-06-04 14:17:48.262] [Game] [info] =========================> GAME LOG <=========================
[2025-06-04 14:18:51.174] [Game] [info] GOD Rafa has logged in from IP 127.0.0.1.
[2025-06-04 14:19:38.530] [Game] [info] GOD Rafa has logged out from IP 127.0.0.1.
[2025-06-04 14:19:41.235] [Game] [info] GOD Rafa has logged in from IP 127.0.0.1.
[2025-06-04 14:21:48.986] [Game] [info] GOD Rafa has logged out from IP 127.0.0.1.
[2025-06-04 14:21:56.906] [Game] [info] =========================> GAME LOG <=========================
[2025-06-04 14:24:00.278] [Game] [info] GOD Rafa has logged in from IP 127.0.0.1.
[2025-06-04 14:27:21.255] [Game] [info] =========================> GAME LOG <=========================
[2025-06-04 14:28:26.821] [Game] [info] GOD Rafa has logged in from IP 127.0.0.1.
[2025-06-04 14:31:22.786] [Game] [info] =========================> GAME LOG <=========================
[2025-06-04 14:32:21.722] [Game] [info] GOD Rafa has logged in from IP 127.0.0.1.
[2025-06-04 14:34:07.470] [Game] [info] GOD Rafa has logged out from IP 127.0.0.1.
[2025-06-04 14:34:12.488] [Game] [info] GOD Rafa has logged in from IP 127.0.0.1.
[2025-06-04 14:40:05.976] [Game] [info] GOD Rafa has logged out from IP 0.0.0.0.
[2025-06-04 14:42:50.520] [Game] [info] GOD Rafa has logged in from IP 127.0.0.1.
[2025-06-04 14:52:21.160] [Game] [info] [GOD Rafa at (32367.0,32173.0,7.0) used command] /i 5108
[2025-06-04 14:57:39.472] [Game] [info] GOD Rafa has logged out from IP 0.0.0.0.
[2025-06-04 15:09:01.858] [Game] [info] GOD Rafa has logged in from IP 127.0.0.1.
[2025-06-04 15:09:11.814] [Game] [info] [GOD Rafa at (32367.0,32172.0,7.0) used command] /reload all
[2025-06-04 15:11:52.069] [Game] [info] [GOD Rafa at (32367.0,32172.0,7.0) used command] /reload all
[2025-06-04 15:13:19.978] [Game] [info] [GOD Rafa at (32367.0,32172.0,7.0) used command] /reload all
[2025-06-04 15:18:57.424] [Game] [info] [GOD Rafa at (32367.0,32172.0,7.0) used command] /i 5749
[2025-06-04 15:23:10.475] [Game] [info] [GOD Rafa at (32364.0,32171.0,7.0) used command] /reload all
[2025-06-04 15:25:51.417] [Game] [info] [GOD Rafa at (32365.0,32171.0,7.0) used command] /reload all
[2025-06-04 15:25:58.731] [Game] [info] GOD Rafa has logged out from IP 0.0.0.0.
[2025-06-04 15:26:00.733] [Game] [info] GOD Rafa has logged in from IP 127.0.0.1.
[2025-06-04 15:27:48.407] [Game] [info] [GOD Rafa at (32365.0,32171.0,7.0) used command] /reload all
[2025-06-04 15:27:54.856] [Game] [info] GOD Rafa has logged out from IP 0.0.0.0.
[2025-06-04 15:27:58.175] [Game] [info] GOD Rafa has logged in from IP 127.0.0.1.
[2025-06-04 15:29:05.345] [Game] [info] [GOD Rafa at (32367.0,32172.0,7.0) used command] /reload all
[2025-06-04 15:29:12.685] [Game] [info] GOD Rafa has logged out from IP 0.0.0.0.
[2025-06-04 15:29:16.355] [Game] [info] GOD Rafa has logged in from IP 127.0.0.1.
[2025-06-04 15:36:53.194] [Game] [info] [GOD Rafa at (32368.0,32172.0,7.0) used command] /reload all
[2025-06-04 15:36:58.495] [Game] [info] GOD Rafa has logged out from IP 0.0.0.0.
[2025-06-04 15:37:01.341] [Game] [info] GOD Rafa has logged in from IP 127.0.0.1.
[2025-06-04 15:38:54.835] [Game] [info] [GOD Rafa at (32368.0,32172.0,7.0) used command] /reload all
[2025-06-04 15:39:07.156] [Game] [info] GOD Rafa has logged out from IP 0.0.0.0.
[2025-06-04 15:39:10.322] [Game] [info] GOD Rafa has logged in from IP 127.0.0.1.
[2025-06-04 15:39:53.827] [Game] [info] [GOD Rafa at (32368.0,32172.0,7.0) used command] /reload all
[2025-06-04 15:39:58.130] [Game] [info] GOD Rafa has logged out from IP 0.0.0.0.
[2025-06-04 15:40:04.074] [Game] [info] GOD Rafa has logged in from IP 127.0.0.1.
[2025-06-04 15:53:08.173] [Game] [info] GOD Rafa has logged out from IP 0.0.0.0.
[2025-06-04 15:53:24.503] [Game] [info] GOD Rafa has logged in from IP 127.0.0.1.
[2025-06-04 16:04:22.332] [Game] [info] GOD Rafa has logged out from IP 0.0.0.0.
[2025-06-04 16:04:40.700] [Game] [info] GOD Rafa has logged in from IP 127.0.0.1.
[2025-06-04 16:06:03.131] [Game] [info] GOD Rafa has logged out from IP 0.0.0.0.
[2025-06-04 16:06:05.574] [Game] [info] GOD Rafa has logged in from IP 127.0.0.1.
[2025-06-04 16:11:35.421] [Game] [info] GOD Rafa has logged out from IP 0.0.0.0.
[2025-06-04 16:11:40.483] [Game] [info] GOD Rafa has logged in from IP 127.0.0.1.
[2025-06-04 16:13:20.934] [Game] [info] GOD Rafa has logged out from IP 0.0.0.0.
[2025-06-04 16:13:49.879] [Game] [info] GOD Rafa has logged in from IP 127.0.0.1.
[2025-06-04 16:15:21.432] [Game] [info] GOD Rafa has logged out from IP 0.0.0.0.
[2025-06-04 16:16:12.773] [Game] [info] GOD Rafa has logged in from IP 127.0.0.1.
[2025-06-04 16:17:23.217] [Game] [info] GOD Rafa has logged out from IP 0.0.0.0.
[2025-06-04 16:17:26.325] [Game] [info] GOD Rafa has logged in from IP 127.0.0.1.
[2025-06-04 16:25:53.519] [Game] [info] GOD Rafa has logged out from IP 0.0.0.0.
[2025-06-04 16:26:16.107] [Game] [info] GOD Rafa has logged in from IP 127.0.0.1.
[2025-06-04 16:27:56.912] [Game] [info] =========================> GAME LOG <=========================
[2025-06-04 16:30:54.412] [Game] [info] GOD Rafa has logged in from IP 127.0.0.1.
[2025-06-04 16:31:18.851] [Game] [info] GOD Rafa has logged out from IP 0.0.0.0.
[2025-06-04 16:31:24.692] [Game] [info] =========================> GAME LOG <=========================
[2025-06-04 16:32:29.819] [Game] [info] GOD Rafa has logged in from IP 127.0.0.1.
[2025-06-05 08:26:35.476] [Game] [info] =========================> GAME LOG <=========================
[2025-06-05 08:28:08.941] [Game] [info] GOD Rafa has logged in from IP 127.0.0.1.
[2025-06-12 16:14:22.443] [Game] [info] =========================> GAME LOG <=========================
[2025-06-12 16:15:22.003] [Game] [info] Saving game...
[2025-06-12 16:17:08.097] [Game] [info] Shutting down...
[2025-06-12 16:17:08.098] [Game] [info] Shutdown complete.
[2025-06-12 16:48:40.347] [Game] [info] =========================> GAME LOG <=========================
[2025-06-12 17:06:38.437] [Game] [info] =========================> GAME LOG <=========================
[2025-06-12 17:10:35.416] [Game] [info] =========================> GAME LOG <=========================
[2025-06-12 17:10:51.708] [Game] [info] =========================> GAME LOG <=========================
[2025-06-12 17:14:48.232] [Game] [info] =========================> GAME LOG <=========================
[2025-06-12 17:16:24.501] [Game] [info] =========================> GAME LOG <=========================
[2025-06-12 17:17:22.630] [Game] [info] Saving game...
[2025-06-12 17:18:33.663] [Game] [info] Shutting down...
[2025-06-12 17:18:33.664] [Game] [info] Shutdown complete.
[2025-06-12 17:18:34.781] [Game] [info] =========================> GAME LOG <=========================
[2025-06-12 17:19:32.698] [Game] [info] Saving game...
[2025-06-12 17:20:43.634] [Game] [info] Shutting down...
[2025-06-12 17:20:43.635] [Game] [info] Shutdown complete.
[2025-06-12 17:20:53.719] [Game] [info] =========================> GAME LOG <=========================
[2025-06-12 17:23:55.940] [Game] [info] =========================> GAME LOG <=========================
[2025-06-12 17:27:10.703] [Game] [info] =========================> GAME LOG <=========================
[2025-06-12 17:27:29.445] [Game] [info] =========================> GAME LOG <=========================
[2025-06-12 17:29:23.154] [Game] [info] Saving game...
[2025-06-14 23:00:07.021] [Game] [info] =========================> GAME LOG <=========================
[2025-06-14 23:04:17.603] [Game] [info] =========================> GAME LOG <=========================
[2025-06-14 23:15:38.611] [Game] [info] =========================> GAME LOG <=========================
[2025-06-14 23:21:57.762] [Game] [info] =========================> GAME LOG <=========================
[2025-06-19 14:16:41.596] [Game] [info] =========================> GAME LOG <=========================
[2025-06-19 14:18:09.034] [Game] [info] GOD Rafa has logged in from IP 127.0.0.1.
[2025-06-19 14:19:42.713] [Game] [info] GOD Rafa has logged out from IP 127.0.0.1.
[2025-06-19 14:19:49.877] [Game] [info] =========================> GAME LOG <=========================
[2025-06-19 14:22:51.538] [Game] [info] GOD Rafa has logged in from IP 127.0.0.1.
[2025-06-19 14:23:23.208] [Game] [info] [GOD Rafa at (32369.0,32217.0,7.0) used command] /i 5794
[2025-06-19 14:30:06.200] [Game] [info] [GOD Rafa at (32369.0,32217.0,7.0) used command] /i 5726
[2025-06-19 14:31:07.211] [Game] [info] [GOD Rafa at (32368.0,32216.0,7.0) used command] /i 2991
[2025-06-19 14:31:15.849] [Game] [info] [GOD Rafa at (32371.0,32216.0,7.0) used command] /i 2110
[2025-06-19 14:33:54.546] [Game] [info] [GOD Rafa at (32369.0,32216.0,7.0) used command] /i 2110
[2025-06-19 14:33:58.516] [Game] [info] [GOD Rafa at (32369.0,32216.0,7.0) used command] /i 2110
[2025-06-19 14:34:01.936] [Game] [info] [GOD Rafa at (32369.0,32216.0,7.0) used command] /i 2110
[2025-06-19 14:34:15.207] [Game] [info] GOD Rafa has logged out from IP 0.0.0.0.
[2025-06-19 14:34:18.862] [Game] [info] Nyxcla'w has logged in from IP 127.0.0.1.
[2025-06-19 14:34:40.327] [Game] [info] Nyxcla'w has logged out from IP 0.0.0.0.
[2025-06-19 14:34:44.140] [Game] [info] GOD Rafa has logged in from IP 127.0.0.1.
[2025-06-19 14:34:56.578] [Game] [info] GOD Rafa has logged out from IP 0.0.0.0.
[2025-06-19 14:35:01.230] [Game] [info] Nyxcla'w has logged in from IP 127.0.0.1.
[2025-06-19 14:35:07.710] [Game] [info] Nyxcla'w has logged out from IP 0.0.0.0.
[2025-06-19 14:35:10.818] [Game] [info] GOD Rafa has logged in from IP 127.0.0.1.
[2025-06-19 14:35:16.317] [Game] [info] GOD Rafa has logged out from IP 0.0.0.0.
[2025-06-19 14:35:19.487] [Game] [info] Nyxcla'w has logged in from IP 127.0.0.1.
[2025-06-19 14:38:48.955] [Game] [info] Nyxcla'w has logged out from IP 0.0.0.0.
[2025-06-19 14:38:51.739] [Game] [info] GOD Rafa has logged in from IP 127.0.0.1.
[2025-06-19 14:39:04.390] [Game] [info] [GOD Rafa at (32366.0,32175.0,7.0) used command] /reload all
[2025-06-19 14:39:22.918] [Game] [info] [GOD Rafa at (32368.0,32175.0,7.0) used command] /i bag
[2025-06-19 14:39:37.377] [Game] [info] [GOD Rafa at (32368.0,32176.0,7.0) used command] /i 2110
[2025-06-19 14:39:59.998] [Game] [info] GOD Rafa has logged out from IP 0.0.0.0.
[2025-06-19 14:40:03.536] [Game] [info] Nyxcla'w has logged in from IP 127.0.0.1.
[2025-06-19 14:40:29.032] [Game] [info] Nyxcla'w has logged out from IP 0.0.0.0.
[2025-06-19 14:40:32.228] [Game] [info] GOD Rafa has logged in from IP 127.0.0.1.
[2025-06-19 14:42:52.777] [Game] [info] [GOD Rafa at (32368.0,32176.0,7.0) used command] /reload all
[2025-06-19 14:43:08.308] [Game] [info] GOD Rafa has logged out from IP 0.0.0.0.
[2025-06-19 14:43:12.739] [Game] [info] Nyxcla'w has logged in from IP 127.0.0.1.
[2025-06-19 14:48:35.357] [Game] [info] Nyxcla'w has logged out from IP 0.0.0.0.
[2025-06-19 14:48:38.617] [Game] [info] GOD Rafa has logged in from IP 127.0.0.1.
[2025-06-19 14:48:44.411] [Game] [info] [GOD Rafa at (32368.0,32176.0,7.0) used command] /reload all
[2025-06-19 14:48:49.157] [Game] [info] [GOD Rafa at (32368.0,32176.0,7.0) used command] /i 2110
[2025-06-19 14:48:52.120] [Game] [info] [GOD Rafa at (32368.0,32176.0,7.0) used command] /i 2110
[2025-06-19 14:48:59.964] [Game] [info] GOD Rafa has logged out from IP 0.0.0.0.
[2025-06-19 14:49:06.247] [Game] [info] GOD Rafa has logged in from IP 127.0.0.1.
[2025-06-19 14:50:21.739] [Game] [info] [GOD Rafa at (32368.0,32176.0,7.0) used command] /reload all
[2025-06-19 14:50:28.294] [Game] [info] GOD Rafa has logged out from IP 0.0.0.0.
[2025-06-19 14:50:32.042] [Game] [info] Fawkes'new has logged in from IP 127.0.0.1.
[2025-06-19 14:51:00.568] [Game] [info] Fawkes'new has logged out from IP 0.0.0.0.
[2025-06-19 14:51:04.090] [Game] [info] GOD Rafa has logged in from IP 127.0.0.1.
[2025-06-19 14:51:12.583] [Game] [info] GOD Rafa has logged out from IP 0.0.0.0.
[2025-06-19 14:51:15.550] [Game] [info] Nyxcla'w has logged in from IP 127.0.0.1.
[2025-06-19 14:51:23.066] [Game] [info] Nyxcla'w has logged out from IP 0.0.0.0.
[2025-06-19 14:52:08.515] [Game] [info] Fawkes'new has logged in from IP 127.0.0.1.
[2025-06-19 14:54:01.029] [Game] [info] Fawkes'new has logged out from IP 0.0.0.0.
[2025-06-19 14:54:11.232] [Game] [info] GOD Rafa has logged in from IP 127.0.0.1.
[2025-06-19 14:54:50.914] [Game] [info] [GOD Rafa at (32368.0,32176.0,7.0) used command] /i 2108
[2025-06-19 14:54:57.986] [Game] [info] [GOD Rafa at (32369.0,32175.0,7.0) used command] /i 2108
[2025-06-19 14:55:10.778] [Game] [info] [GOD Rafa at (32369.0,32177.0,7.0) used command] /i 2108
[2025-06-19 14:58:50.403] [Game] [info] [GOD Rafa at (32368.0,32174.0,7.0) used command] /i 5108
[2025-06-19 14:58:54.773] [Game] [info] [GOD Rafa at (32368.0,32174.0,7.0) used command] /i 5108
[2025-06-19 14:59:29.247] [Game] [info] GOD Rafa has logged out from IP 0.0.0.0.
[2025-06-19 14:59:32.310] [Game] [info] Nyxcla'w has logged in from IP 127.0.0.1.
[2025-06-19 15:00:53.930] [Game] [info] GOD Rafa has logged in from IP 127.0.0.1.
[2025-06-19 15:01:38.353] [Game] [info] Nyxcla'w has logged out from IP 0.0.0.0.
[2025-06-19 15:06:21.827] [Game] [info] [GOD Rafa at (32368.0,32175.0,7.0) used command] /reload all
[2025-06-19 15:06:30.867] [Game] [info] [GOD Rafa at (32369.0,32178.0,7.0) used command] /i bag
[2025-06-19 15:06:48.110] [Game] [info] GOD Rafa has logged out from IP 0.0.0.0.
[2025-06-19 15:06:50.310] [Game] [info] GOD Rafa has logged in from IP 127.0.0.1.
[2025-06-19 15:07:15.227] [Game] [info] [GOD Rafa at (32367.0,32175.0,7.0) used command] /reload all
[2025-06-19 15:07:20.131] [Game] [info] [GOD Rafa at (32370.0,32177.0,7.0) used command] /i bag
[2025-06-19 15:07:34.485] [Game] [info] GOD Rafa has logged out from IP 0.0.0.0.
[2025-06-19 15:07:38.756] [Game] [info] GOD Rafa has logged in from IP 127.0.0.1.
[2025-06-19 15:07:48.068] [Game] [info] [GOD Rafa at (32368.0,32176.0,7.0) used command] /i bag
[2025-06-19 15:11:53.568] [Game] [info] GOD Rafa has logged out from IP 0.0.0.0.
[2025-06-19 15:11:58.217] [Game] [info] Fawkes'new has logged in from IP 127.0.0.1.
[2025-06-19 15:19:48.074] [Game] [info] Fawkes'new has logged out from IP 127.0.0.1.
[2025-06-19 15:19:55.231] [Game] [info] =========================> GAME LOG <=========================
[2025-06-19 15:21:07.493] [Game] [info] GOD Rafa has logged in from IP 127.0.0.1.
[2025-06-19 15:36:39.716] [Game] [info] GOD Rafa has logged out from IP 0.0.0.0.
[2025-06-19 16:14:12.281] [Game] [info] Saving game...
[2025-09-12 06:49:47.188] [Game] [info] =========================> GAME LOG <=========================
[2025-09-12 06:49:56.116] [Game] [info] =========================> GAME LOG <=========================
[2025-09-12 06:51:53.994] [Game] [info] Broadcasted: Many agressive beasts are roaming south of Ab'Dendriel! Take care!
[2025-09-12 06:55:07.999] [Game] [info] Broadcasted: Unusual frequent scarab sightings at the gates of Ankrahmun.
[2025-09-12 07:01:11.010] [Game] [info] Broadcasted: Ancient scarabs are leading an attack on Ankrahmun.
[2025-09-12 07:02:46.017] [Game] [info] Saving game...
[2025-09-12 07:02:46.329] [Game] [info] Shutting down...
[2025-09-12 07:02:46.331] [Game] [info] Shutdown complete.
[2025-09-12 07:04:02.565] [Game] [info] =========================> GAME LOG <=========================
[2025-09-12 07:05:53.750] [Game] [info] Broadcasted: Many agressive beasts are roaming south of Ab'Dendriel! Take care!
[2025-09-12 07:09:07.754] [Game] [info] Broadcasted: Unusual frequent scarab sightings at the gates of Ankrahmun.
[2025-09-12 07:15:10.765] [Game] [info] Broadcasted: Ancient scarabs are leading an attack on Ankrahmun.
[2025-09-12 07:17:21.787] [Game] [info] Broadcasted: Ancient scarabs are leading an attack on Ankrahmun.
[2025-09-12 07:19:22.790] [Game] [info] Broadcasted: Ancient scarabs are leading an attack on Ankrahmun.
[2025-09-12 07:25:15.767] [Game] [info] Broadcasted: Sightings of undead, west of Darashia! Imminent invasion is suspected!
[2025-09-12 07:33:04.805] [Game] [info] Broadcasted: The undead are attacking Darashia!
[2025-09-12 07:36:44.773] [Game] [info] Broadcasted: Orshabaal's minions are working on his return to the World. LEAVE Edron at once, mortals.
[2025-09-12 07:40:05.777] [Game] [info] Broadcasted: Orshabaal is about to make his way into the mortal realm. Run for your lives!
[2025-09-12 07:43:26.778] [Game] [info] Broadcasted: Orshabaal has been summoned from hell to plague the lands of mortals again.
[2025-09-12 07:46:24.788] [Game] [info] Broadcasted: Rat plague in Thais!
[2025-09-12 07:54:55.611] [Game] [info] Broadcasted: Orc activity near Thais reported! Beware!
[2025-09-12 08:02:41.739] [Game] [info] Broadcasted: Thais is under attack!
[2025-09-12 08:05:15.614] [Game] [info] Broadcasted: Elven scouts from Shadowthorn have been spotted near Venore! Beware!
[2025-09-12 08:09:15.640] [Game] [info] Broadcasted: Venore is under attack!
[2025-09-12 08:10:21.594] [Game] [info] =========================> GAME LOG <=========================
[2025-09-12 08:56:46.380] [Game] [info] Saving game...
[2025-09-12 08:56:46.719] [Game] [info] Shutting down...
[2025-09-12 08:56:46.722] [Game] [info] Shutdown complete.
[2025-09-12 08:57:13.690] [Game] [info] =========================> GAME LOG <=========================
[2025-09-12 09:18:07.262] [Game] [info] Saving game...
[2025-09-12 09:18:07.603] [Game] [info] Shutting down...
[2025-09-12 09:18:07.606] [Game] [info] Shutdown complete.
[2025-09-12 09:18:16.687] [Game] [info] =========================> GAME LOG <=========================
[2025-09-12 09:19:14.734] [Game] [info] =========================> GAME LOG <=========================
[2025-09-12 09:19:49.717] [Game] [info] Saving game...
[2025-09-12 09:19:50.040] [Game] [info] Shutting down...
[2025-09-12 09:19:50.042] [Game] [info] Shutdown complete.
[2025-09-12 09:25:42.824] [Game] [info] =========================> GAME LOG <=========================
[2025-09-12 09:47:26.310] [Game] [info] Saving game...
[2025-09-12 09:47:26.638] [Game] [info] Shutting down...
[2025-09-12 09:47:26.641] [Game] [info] Shutdown complete.
[2025-09-12 09:47:33.908] [Game] [info] =========================> GAME LOG <=========================
[2025-09-12 10:13:05.325] [Game] [info] Saving game...
[2025-09-12 10:13:05.325] [Game] [info] [Error - Game::saveGameState] Failed to save account - level storage values.
[2025-09-12 10:13:05.327] [Game] [info] Shutting down...
[2025-09-12 10:13:05.335] [Game] [info] Shutdown complete.
[2025-09-12 10:23:32.280] [Game] [info] =========================> GAME LOG <=========================
[2025-09-12 10:25:33.071] [Game] [info] Broadcasted: Many agressive beasts are roaming south of Ab'Dendriel! Take care!
[2025-09-12 10:27:41.071] [Game] [info] Saving game...
[2025-09-12 10:27:41.407] [Game] [info] Shutting down...
[2025-09-12 10:27:41.409] [Game] [info] Shutdown complete.
[2025-09-12 10:27:49.144] [Game] [info] =========================> GAME LOG <=========================
[2025-09-12 10:28:34.892] [Game] [info] Broadcasted: Unusual frequent scarab sightings at the gates of Ankrahmun.
[2025-09-12 10:32:24.088] [Game] [info] Saving game...
[2025-09-12 10:32:24.475] [Game] [info] Shutting down...
[2025-09-12 10:32:24.479] [Game] [info] Shutdown complete.
[2025-09-12 10:32:36.569] [Game] [info] =========================> GAME LOG <=========================
[2025-09-12 10:34:51.239] [Game] [info] Broadcasted: Sightings of undead, west of Darashia! Imminent invasion is suspected!
[2025-09-12 10:42:40.275] [Game] [info] Broadcasted: The undead are attacking Darashia!
[2025-09-12 10:46:20.243] [Game] [info] Broadcasted: Orshabaal's minions are working on his return to the World. LEAVE Edron at once, mortals.
[2025-09-12 10:49:41.248] [Game] [info] Broadcasted: Orshabaal is about to make his way into the mortal realm. Run for your lives!
[2025-09-12 10:53:38.463] [Game] [info] =========================> GAME LOG <=========================
[2025-09-12 10:57:14.097] [Game] [info] Broadcasted: Rat plague in Thais!
[2025-09-12 11:08:28.129] [Game] [info] =========================> GAME LOG <=========================
[2025-09-12 11:09:21.454] [Game] [info] Broadcasted: Orc activity near Thais reported! Beware!
[2025-09-12 11:09:33.067] [Game] [info] Saving game...
[2025-09-12 11:09:33.385] [Game] [info] Shutting down...
[2025-09-12 11:09:33.387] [Game] [info] Shutdown complete.
[2025-09-12 11:09:40.803] [Game] [info] =========================> GAME LOG <=========================
[2025-09-12 11:10:13.829] [Game] [info] Druid has logged in from IP 191.19.139.199.
[2025-09-12 11:10:22.823] [Game] [info] Broadcasted: Elven scouts from Shadowthorn have been spotted near Venore! Beware!
[2025-09-12 11:14:22.847] [Game] [info] Broadcasted: Venore is under attack!
[2025-09-12 11:16:35.050] [Game] [info] Druid has logged out from IP 0.0.0.0.
[2025-09-12 11:16:46.269] [Game] [info] GM Violet has logged in from IP 191.19.139.199.
[2025-09-12 11:18:06.076] [Game] [info] GM Violet has logged out from IP 0.0.0.0.
[2025-09-12 11:18:07.858] [Game] [info] GM Violet has logged in from IP 191.19.139.199.
[2025-09-12 11:23:19.103] [Game] [info] GM Violet has logged out from IP 0.0.0.0.
[2025-09-12 11:23:22.976] [Game] [info] GM Violet has logged in from IP 191.19.139.199.
[2025-09-12 11:24:24.114] [Game] [info] GM Violet has logged out from IP 0.0.0.0.
[2025-09-12 11:24:31.417] [Game] [info] GM Violet has logged in from IP 191.19.139.199.
[2025-09-12 11:25:32.123] [Game] [info] GM Violet has logged out from IP 0.0.0.0.
[2025-09-12 11:25:33.441] [Game] [info] GM Violet has logged in from IP 191.19.139.199.
[2025-09-12 11:27:16.139] [Game] [info] GM Violet has logged out from IP 0.0.0.0.
[2025-09-12 11:27:21.357] [Game] [info] GM Violet has logged in from IP 191.19.139.199.
[2025-09-12 11:31:07.674] [Game] [info] GM Violet has logged out from IP 191.19.139.199.
[2025-09-12 11:31:07.680] [Game] [info] Saving game...
[2025-09-12 11:31:07.994] [Game] [info] Shutting down...
[2025-09-12 11:31:07.996] [Game] [info] Shutdown complete.
[2025-09-12 11:31:31.368] [Game] [info] =========================> GAME LOG <=========================
[2025-09-12 11:32:09.767] [Game] [info] GM Violet has logged in from IP 191.19.139.199.
[2025-09-12 11:32:36.536] [Game] [info] GM Violet has logged out from IP 0.0.0.0.
[2025-09-12 11:32:37.453] [Game] [info] GM Violet has logged in from IP 191.19.139.199.
[2025-09-12 11:34:04.562] [Game] [info] GM Violet has logged out from IP 0.0.0.0.
[2025-09-12 11:34:07.689] [Game] [info] Magez has logged in from IP 191.19.139.199.
[2025-09-12 11:50:13.321] [Game] [info] Magez has logged out from IP 191.19.139.199.
[2025-09-12 12:18:03.638] [Game] [info] GM Ezzz has logged in from IP 191.19.139.199.
[2025-09-12 12:18:07.279] [Game] [info] GM Ezzz has logged out from IP 0.0.0.0.
[2025-09-12 12:18:09.029] [Game] [info] GM Violet has logged in from IP 191.19.139.199.
[2025-09-12 12:18:12.432] [Game] [info] [GM Violet at (32097.0,32188.0,7.0) used command] /town venore
[2025-09-12 12:18:15.440] [Game] [info] [GM Violet at (32957.0,32076.0,7.0) used command] /town thais
[2025-09-12 12:18:45.244] [Game] [info] [GM Violet at (32236.0,32214.0,5.0) used command] /i roulette coin
[2025-09-12 12:19:05.896] [Game] [info] [GM Violet at (32236.0,32214.0,5.0) used command] /i backpack
[2025-09-12 12:19:11.792] [Game] [info] [GM Violet at (32236.0,32214.0,5.0) used command] /i roulette coin, 100
[2025-09-12 12:25:15.828] [Game] [info] [GM Violet at (32236.0,32216.0,5.0) used command] /i demon armor
[2025-09-12 15:16:37.567] [Game] [info] GM Violet has logged out from IP 191.19.139.199.
[2025-09-12 15:16:37.577] [Game] [info] Saving game...
[2025-09-12 15:16:37.924] [Game] [info] Shutting down...
[2025-09-12 15:16:37.933] [Game] [info] Shutdown complete.
[2025-09-12 21:42:22.716] [Game] [info] =========================> GAME LOG <=========================
[2025-09-12 21:44:17.183] [Game] [info] Broadcasted: Many agressive beasts are roaming south of Ab'Dendriel! Take care!
[2025-09-12 21:45:26.354] [Game] [info] GM Violet has logged in from IP 186.227.227.18.
[2025-09-12 21:45:48.406] [Game] [info] GM Violet has logged out from IP 0.0.0.0.
[2025-09-12 21:45:50.589] [Game] [info] GM Ezzz has logged in from IP 186.227.227.18.
[2025-09-12 21:45:52.411] [Game] [info] GM Ezzz has logged out from IP 0.0.0.0.
[2025-09-12 21:45:55.369] [Game] [info] Kina Teste has logged in from IP 186.227.227.18.
[2025-09-12 21:45:57.418] [Game] [info] Kina Teste has logged out from IP 0.0.0.0.
[2025-09-12 21:46:02.572] [Game] [info] Luanzudo has logged in from IP 186.227.227.18.
[2025-09-12 21:46:06.424] [Game] [info] Luanzudo has logged out from IP 0.0.0.0.
[2025-09-12 21:46:07.657] [Game] [info] Magez has logged in from IP 186.227.227.18.
[2025-09-12 21:46:09.430] [Game] [info] Magez has logged out from IP 0.0.0.0.
[2025-09-12 21:46:11.210] [Game] [info] GM Violet has logged in from IP 186.227.227.18.
[2025-09-12 21:47:31.187] [Game] [info] Broadcasted: Unusual frequent scarab sightings at the gates of Ankrahmun.
[2025-09-12 21:53:34.195] [Game] [info] Broadcasted: Ancient scarabs are leading an attack on Ankrahmun.
[2025-09-12 21:55:45.212] [Game] [info] Broadcasted: Ancient scarabs are leading an attack on Ankrahmun.
[2025-09-12 21:57:46.215] [Game] [info] Broadcasted: Ancient scarabs are leading an attack on Ankrahmun.
[2025-09-12 22:03:39.218] [Game] [info] Broadcasted: Sightings of undead, west of Darashia! Imminent invasion is suspected!
[2025-09-12 22:11:28.239] [Game] [info] Broadcasted: The undead are attacking Darashia!
[2025-09-12 22:11:32.748] [Game] [info] GM Violet has logged out from IP 0.0.0.0.
[2025-09-12 22:11:41.359] [Game] [info] Ricardo has logged in from IP 186.227.227.18.
[2025-09-12 22:12:12.758] [Game] [info] Ricardo has logged out from IP 0.0.0.0.
[2025-09-12 22:12:26.365] [Game] [info] Luanzudo has logged in from IP 186.227.227.18.
[2025-09-12 22:12:33.764] [Game] [info] Luanzudo has logged out from IP 0.0.0.0.
[2025-09-12 22:12:35.956] [Game] [info] GM Violet has logged in from IP 186.227.227.18.
[2025-09-12 22:15:08.224] [Game] [info] Broadcasted: Orshabaal's minions are working on his return to the World. LEAVE Edron at once, mortals.
[2025-09-12 22:15:17.796] [Game] [info] GM Violet has logged out from IP 0.0.0.0.
[2025-09-12 22:15:20.525] [Game] [info] GM Violet has logged in from IP 186.227.227.18.
[2025-09-12 22:18:29.226] [Game] [info] Broadcasted: Orshabaal is about to make his way into the mortal realm. Run for your lives!
[2025-09-12 22:18:36.833] [Game] [info] GM Violet has logged out from IP 0.0.0.0.
[2025-09-12 22:18:38.833] [Game] [info] GM Violet has logged in from IP 186.227.227.18.
[2025-09-12 22:19:41.893] [Game] [info] GM Violet has logged out from IP 0.0.0.0.
[2025-09-12 22:19:42.752] [Game] [info] GM Violet has logged in from IP 186.227.227.18.
[2025-09-12 22:21:50.227] [Game] [info] Broadcasted: Orshabaal has been summoned from hell to plague the lands of mortals again.
[2025-09-12 22:24:48.239] [Game] [info] Broadcasted: Rat plague in Thais!
[2025-09-12 22:56:49.256] [Game] [info] Broadcasted: Orc activity near Thais reported! Beware!
[2025-09-12 23:04:35.379] [Game] [info] Broadcasted: Thais is under attack!
[2025-09-12 23:07:09.260] [Game] [info] Broadcasted: Elven scouts from Shadowthorn have been spotted near Venore! Beware!
[2025-09-12 23:11:09.284] [Game] [info] Broadcasted: Venore is under attack!
[2025-09-13 02:26:06.803] [Game] [info] Ricardo has logged in from IP 186.227.227.18.
[2025-09-13 02:26:14.179] [Game] [info] [GM Violet at (32097.0,32218.0,7.0) used command] /i mace
[2025-09-13 02:26:29.024] [Game] [info] [GM Violet at (32097.0,32218.0,7.0) used command] /i studded shield
[2025-09-13 02:26:42.279] [Game] [info] [GM Violet at (32097.0,32218.0,7.0) used command] /i plate lehgs
[2025-09-13 02:26:46.028] [Game] [info] [GM Violet at (32097.0,32218.0,7.0) used command] /i plate legs
[2025-09-13 02:26:54.964] [Game] [info] [GM Violet at (32097.0,32218.0,7.0) used command] /i steel helmet
[2025-09-13 02:27:02.981] [Game] [info] [GM Violet at (32097.0,32218.0,7.0) used command] /i plate armor
[2025-09-13 02:42:41.998] [Game] [info] [GM Violet at (32097.0,32214.0,7.0) used command] /m rat
[2025-09-13 02:42:42.995] [Game] [info] [GM Violet at (32097.0,32214.0,7.0) used command] /m rat
[2025-09-13 02:42:43.716] [Game] [info] [GM Violet at (32097.0,32214.0,7.0) used command] /m rat
[2025-09-13 02:42:44.493] [Game] [info] [GM Violet at (32097.0,32214.0,7.0) used command] /m rat
[2025-09-13 02:42:45.166] [Game] [info] [GM Violet at (32097.0,32214.0,7.0) used command] /m rat
[2025-09-13 02:42:45.792] [Game] [info] [GM Violet at (32097.0,32214.0,7.0) used command] /m rat
[2025-09-13 02:43:24.682] [Game] [info] [GM Violet at (32097.0,32214.0,7.0) used command] /i stonecutters axe
[2025-09-13 02:43:29.166] [Game] [info] [GM Violet at (32097.0,32214.0,7.0) used command] /i stonecutter axe
[2025-09-13 02:43:45.818] [Game] [info] [GM Violet at (32097.0,32214.0,7.0) used command] /m rat
[2025-09-13 02:43:46.650] [Game] [info] [GM Violet at (32097.0,32214.0,7.0) used command] /m rat
[2025-09-13 02:43:47.464] [Game] [info] [GM Violet at (32097.0,32214.0,7.0) used command] /m rat
[2025-09-13 02:43:48.185] [Game] [info] [GM Violet at (32097.0,32214.0,7.0) used command] /m rat
[2025-09-13 02:43:48.901] [Game] [info] [GM Violet at (32097.0,32214.0,7.0) used command] /m rat
[2025-09-13 02:43:49.717] [Game] [info] [GM Violet at (32097.0,32214.0,7.0) used command] /m rat
[2025-09-13 02:44:19.951] [Game] [info] [GM Violet at (32097.0,32214.0,7.0) used command] /m wolf
[2025-09-13 02:44:21.001] [Game] [info] [GM Violet at (32097.0,32214.0,7.0) used command] /m wolf
[2025-09-13 02:44:28.582] [Game] [info] [GM Violet at (32097.0,32214.0,7.0) used command] /m wolf
[2025-09-13 02:44:29.282] [Game] [info] [GM Violet at (32097.0,32214.0,7.0) used command] /m wolf
[2025-09-13 02:44:30.064] [Game] [info] [GM Violet at (32097.0,32214.0,7.0) used command] /m wolf
[2025-09-13 02:44:30.849] [Game] [info] [GM Violet at (32097.0,32214.0,7.0) used command] /m wolf
[2025-09-13 02:44:31.549] [Game] [info] [GM Violet at (32097.0,32214.0,7.0) used command] /m wolf
[2025-09-13 03:26:38.847] [Game] [info] Ricardo has logged out from IP 186.227.227.18.
[2025-09-13 06:03:00.381] [Game] [info] Saving game...
[2025-09-13 06:03:00.706] [Game] [info] GM Violet has logged out from IP 186.227.227.18.
[2025-09-13 06:03:10.279] [Game] [info] Saving game...
[2025-09-13 06:03:10.880] [Game] [info] Shutting down...
[2025-09-13 06:03:10.884] [Game] [info] Shutdown complete.
[2025-09-13 08:56:22.634] [Game] [info] =========================> GAME LOG <=========================
[2025-09-13 08:57:20.030] [Game] [info] Very Krazy has logged in from IP 191.19.139.199.
[2025-09-13 09:43:17.634] [Game] [info] Very Krazy died in ( 32816 / 31935 / 007 )
[2025-09-13 09:43:17.635] [Game] [info] Very Krazy has logged out from IP 191.19.139.199.
[2025-09-13 09:43:22.755] [Game] [info] Very Krazy has logged in from IP 191.19.139.199.
[2025-09-13 10:08:38.055] [Game] [info] Ricardo has logged in from IP 191.19.139.199.
[2025-09-13 10:08:40.000] [Game] [info] Ricardo has logged out from IP 0.0.0.0.
[2025-09-13 10:08:49.009] [Game] [info] Very Krazy died in ( 32795 / 31779 / 007 )
[2025-09-13 10:08:49.009] [Game] [info] Very Krazy has logged out from IP 191.19.139.199.
[2025-09-13 10:08:54.965] [Game] [info] GM Violet has logged in from IP 191.19.139.199.
[2025-09-13 10:08:58.455] [Game] [info] [GM Violet at (32097.0,32214.0,7.0) used command] /reload config
[2025-09-13 10:09:07.802] [Game] [info] Very Krazy has logged in from IP 191.19.139.199.
[2025-09-13 10:09:52.095] [Game] [info] [GM Violet at (32918.0,32058.0,6.0) used command] /m troll
[2025-09-13 10:09:58.999] [Game] [info] [GM Violet at (32918.0,32058.0,6.0) used command] /i plate armor
[2025-09-13 10:10:03.375] [Game] [info] [GM Violet at (32918.0,32058.0,6.0) used command] /i plate legs
[2025-09-13 10:10:09.759] [Game] [info] [GM Violet at (32918.0,32058.0,6.0) used command] /i spear, 100
[2025-09-13 10:10:16.727] [Game] [info] [GM Violet at (32918.0,32058.0,6.0) used command] /i steel helmet
[2025-09-13 10:10:25.971] [Game] [info] [GM Violet at (32918.0,32058.0,6.0) used command] /i dwarven shield
[2025-09-13 10:10:36.363] [Game] [info] [GM Violet at (32918.0,32058.0,6.0) used command] /i ravenor coin
[2025-09-13 10:10:45.535] [Game] [info] [GM Violet at (32918.0,32058.0,6.0) used command] /i ravenor coin, 100
[2025-09-13 10:10:49.719] [Game] [info] [GM Violet at (32918.0,32058.0,6.0) used command] /i ravenor coin, 100
[2025-09-13 10:10:56.031] [Game] [info] [GM Violet at (32918.0,32058.0,6.0) used command] /i ravenor coin, 100
[2025-09-13 10:11:02.203] [Game] [info] [GM Violet at (32918.0,32058.0,6.0) used command] /i ravenor coin, 400
[2025-09-13 10:11:17.987] [Game] [info] [GM Violet at (32918.0,32058.0,6.0) used command] /m cyclops
[2025-09-13 10:11:33.323] [Game] [info] [GM Violet at (32918.0,32059.0,6.0) used command] /i ultimate healing rune, 4
[2025-09-13 10:11:37.395] [Game] [info] [GM Violet at (32918.0,32059.0,6.0) used command] /i ultimate healing rune
[2025-09-13 10:11:48.611] [Game] [info] [GM Violet at (32918.0,32059.0,6.0) used command] /i ultimate healing rune
[2025-09-13 10:11:55.211] [Game] [info] [GM Violet at (32918.0,32059.0,6.0) used command] /i ultimate healing runes
[2025-09-13 10:12:17.615] [Game] [info] [GM Violet at (32918.0,32056.0,6.0) used command] /i 2160 10
[2025-09-13 10:12:23.135] [Game] [info] [GM Violet at (32918.0,32056.0,6.0) used command] /i 2160
[2025-09-13 10:12:26.179] [Game] [info] [GM Violet at (32918.0,32056.0,6.0) used command] /i 2160, 10
[2025-09-13 10:18:33.369] [Game] [info] [GM Violet at (32919.0,32070.0,6.0) used command] /m dwarf guard
[2025-09-13 10:18:38.869] [Game] [info] [GM Violet at (32919.0,32072.0,7.0) used command] /a 1
[2025-09-13 10:23:24.579] [Game] [info] [GM Violet at (32919.0,32072.0,7.0) used command] /i ravenor coin, 100
[2025-09-13 10:23:30.726] [Game] [info] [GM Violet at (32919.0,32072.0,7.0) used command] /i ravenor coin, 100
[2025-09-13 10:35:12.605] [Game] [info] [GM Violet at (32922.0,32069.0,7.0) used command] /i ravenor coin, 100
[2025-09-13 10:35:13.585] [Game] [info] [GM Violet at (32922.0,32069.0,7.0) used command] /i ravenor coin, 100
[2025-09-13 10:35:14.054] [Game] [info] [GM Violet at (32922.0,32069.0,7.0) used command] /i ravenor coin, 100
[2025-09-13 10:35:14.466] [Game] [info] [GM Violet at (32922.0,32069.0,7.0) used command] /i ravenor coin, 100
[2025-09-13 10:35:29.222] [Game] [info] [GM Violet at (32922.0,32069.0,7.0) used command] /i ravenor coin, 100
[2025-09-13 10:35:29.673] [Game] [info] [GM Violet at (32922.0,32069.0,7.0) used command] /i ravenor coin, 100
[2025-09-13 10:35:31.233] [Game] [info] [GM Violet at (32922.0,32069.0,7.0) used command] /i ravenor coin, 100
[2025-09-13 10:40:18.666] [Game] [info] Very Krazy has logged out from IP 0.0.0.0.
[2025-09-13 10:40:24.361] [Game] [info] Very Krazy has logged in from IP 191.19.139.199.
[2025-09-13 10:41:07.694] [Game] [info] GM Violet has logged out from IP 0.0.0.0.
[2025-09-13 10:46:32.231] [Game] [info] GM Violet has logged in from IP 191.19.139.199.
[2025-09-13 10:46:34.916] [Game] [info] [GM Violet at (32950.0,32031.0,6.0) used command] /reload config
[2025-09-13 11:03:18.790] [Game] [info] [GM Violet at (32950.0,32031.0,6.0) used command] /reload config
[2025-09-13 11:03:31.166] [Game] [info] Very Krazy died in ( 33245 / 32275 / 010 )
[2025-09-13 11:03:31.167] [Game] [info] Very Krazy has logged out from IP 191.19.139.199.
[2025-09-13 11:03:51.965] [Game] [info] Very Krazy has logged in from IP 191.19.139.199.
[2025-09-13 11:32:28.395] [Game] [info] [GM Violet at (32950.0,32031.0,6.0) used command] /i Faintlight Orb, 100
[2025-09-13 11:32:38.043] [Game] [info] [GM Violet at (32950.0,32031.0,6.0) used command] /i Tidebound Orb, 100
[2025-09-13 11:32:52.863] [Game] [info] [GM Violet at (32950.0,32031.0,6.0) used command] /i Netherbound Orb, 100
[2025-09-13 11:33:00.810] [Game] [info] [GM Violet at (32950.0,32031.0,6.0) used command] /i Blazefury Orb, 100
[2025-09-13 11:33:06.090] [Game] [info] [GM Violet at (32950.0,32031.0,6.0) used command] /i 2160, 100
[2025-09-13 11:57:41.343] [Game] [info] Very Krazy has logged out from IP 0.0.0.0.
[2025-09-13 12:01:27.988] [Game] [info] GM Violet has logged out from IP 0.0.0.0.
[2025-09-13 20:49:53.732] [Game] [info] Ricardo has logged in from IP 186.227.227.18.
[2025-09-13 20:50:14.006] [Game] [info] GM Violet has logged in from IP 186.227.227.18.
[2025-09-13 20:58:10.036] [Game] [info] GM Violet has logged out from IP 0.0.0.0.
[2025-09-13 20:58:14.045] [Game] [info] Ricardo has logged out from IP 0.0.0.0.
[2025-09-14 09:03:45.597] [Game] [info] Ricardo has logged in from IP 186.227.227.18.
[2025-09-14 09:06:14.752] [Game] [info] Ricardo has logged out from IP 0.0.0.0.
[2025-09-14 09:06:36.478] [Game] [info] GM Violet has logged in from IP 186.227.227.18.
[2025-09-14 09:06:39.431] [Game] [info] [GM Violet at (33308.0,32283.0,6.0) used command] /town thais
[2025-09-14 09:07:12.195] [Game] [info] [GM Violet at (32349.0,32222.0,7.0) used command] /town rookgaard
[2025-09-14 09:07:33.779] [Game] [info] GM Violet has logged out from IP 0.0.0.0.
[2025-09-14 09:10:30.117] [Game] [info] GM Ezzz has logged in from IP 186.227.227.18.
[2025-09-14 09:24:34.140] [Game] [info] GM Ezzz has logged out from IP 0.0.0.0.
[2025-09-14 09:24:38.111] [Game] [info] GM Ezzz has logged in from IP 186.227.227.18.
[2025-09-14 09:26:49.213] [Game] [info] GM Ezzz has logged out from IP 0.0.0.0.
[2025-09-14 09:28:12.157] [Game] [info] Druid has logged in from IP 186.227.227.18.
[2025-09-14 09:28:40.248] [Game] [info] Druid has logged out from IP 0.0.0.0.
[2025-09-14 18:48:16.829] [Game] [info] GM Violet has logged in from IP 186.227.227.18.
[2025-09-14 18:48:31.977] [Game] [info] GM Violet has logged out from IP 0.0.0.0.
[2025-09-14 19:00:00.212] [Game] [info] Druid has logged in from IP 186.227.227.18.
[2025-09-14 19:07:58.851] [Game] [info] GM Violet has logged in from IP 186.227.227.18.
[2025-09-14 19:08:18.888] [Game] [info] [GM Violet at (32107.0,32205.0,7.0) used command] /i ultimate healing rune
[2025-09-14 19:08:22.225] [Game] [info] [GM Violet at (32107.0,32205.0,7.0) used command] /i ultimate healing rune, 100
[2025-09-14 19:08:29.194] [Game] [info] [GM Violet at (32107.0,32205.0,7.0) used command] /i ultimate healing, 100
[2025-09-14 19:08:37.221] [Game] [info] [GM Violet at (32107.0,32205.0,7.0) used command] /i blank rune
[2025-09-14 19:08:46.714] [Game] [info] Druid has logged out from IP 0.0.0.0.
[2025-09-14 19:15:46.612] [Game] [info] [GM Violet at (32107.0,32205.0,7.0) used command] /i 2273
[2025-09-14 19:15:49.081] [Game] [info] [GM Violet at (32107.0,32205.0,7.0) used command] /i 2273, 100
[2025-09-14 19:28:36.753] [Game] [info] Druid has logged in from IP 186.227.227.18.
[2025-09-14 19:29:27.123] [Game] [info] GM Violet has logged out from IP 0.0.0.0.
[2025-09-14 19:45:40.229] [Game] [info] GM Violet has logged in from IP 186.227.227.18.
[2025-09-14 19:46:23.461] [Game] [info] Druid has logged out from IP 0.0.0.0.
[2025-09-14 19:58:16.711] [Game] [info] GM Violet has logged out from IP 0.0.0.0.
[2025-09-14 19:58:20.216] [Game] [info] GM Ezzz has logged in from IP 186.227.227.18.
[2025-09-14 19:58:30.166] [Game] [info] [GM Ezzz at (32098.0,32213.0,7.0) used command] /a 2
[2025-09-14 19:59:46.738] [Game] [info] GM Ezzz has logged out from IP 0.0.0.0.
[2025-09-14 20:23:11.353] [Game] [info] Druid has logged in from IP 186.227.227.18.
[2025-09-14 20:23:16.194] [Game] [info] Druid has logged out from IP 0.0.0.0.
[2025-09-14 20:27:54.421] [Game] [info] GM Ezzz has logged in from IP 186.227.227.18.
[2025-09-14 20:28:08.288] [Game] [info] GM Ezzz has logged out from IP 0.0.0.0.
[2025-09-14 20:28:08.592] [Game] [info] GM Violet has logged in from IP 186.227.227.18.
[2025-09-14 20:31:12.361] [Game] [info] GM Violet has logged out from IP 0.0.0.0.
[2025-09-14 20:34:05.567] [Game] [info] GM Violet has logged in from IP 186.227.227.18.
[2025-09-14 20:34:18.421] [Game] [info] GM Violet has logged out from IP 0.0.0.0.
[2025-09-14 20:35:25.626] [Game] [info] GM Violet has logged in from IP 186.227.227.18.
[2025-09-14 20:35:30.445] [Game] [info] GM Violet has logged out from IP 0.0.0.0.
[2025-09-14 20:37:11.555] [Game] [info] GM Violet has logged in from IP 186.227.227.18.
[2025-09-14 20:42:51.816] [Game] [info] Druid has logged in from IP 186.227.227.18.
[2025-09-14 20:43:37.610] [Game] [info] GM Violet has logged out from IP 0.0.0.0.
[2025-09-14 20:45:24.367] [Game] [info] GM Violet has logged in from IP 186.227.227.18.
[2025-09-14 20:45:53.658] [Game] [info] Druid has logged out from IP 0.0.0.0.
[2025-09-14 21:02:25.984] [Game] [info] GM Violet has logged out from IP 0.0.0.0.
[2025-09-14 21:02:43.960] [Game] [info] Druid has logged in from IP 186.227.227.18.
[2025-09-14 21:03:50.038] [Game] [info] Druid has logged out from IP 0.0.0.0.
[2025-09-14 21:07:37.211] [Game] [info] GM Violet has logged in from IP 186.227.227.18.
[2025-09-14 21:07:46.115] [Game] [info] GM Violet has logged out from IP 0.0.0.0.
[2025-09-14 21:09:17.963] [Game] [info] GM Violet has logged in from IP 186.227.227.18.
[2025-09-14 21:14:32.254] [Game] [info] Druid has logged in from IP 186.227.227.18.
[2025-09-14 21:15:04.341] [Game] [info] GM Violet has logged out from IP 0.0.0.0.
[2025-09-14 21:37:37.784] [Game] [info] Druid has logged out from IP 0.0.0.0.
[2025-09-14 21:39:45.427] [Game] [info] GM Violet has logged in from IP 186.227.227.18.
[2025-09-14 21:57:47.189] [Game] [info] GM Violet has logged out from IP 0.0.0.0.
[2025-09-14 22:02:17.265] [Game] [info] GM Violet has logged in from IP 186.227.227.18.
[2025-09-14 22:09:43.467] [Game] [info] GM Violet has logged out from IP 0.0.0.0.
[2025-09-14 22:21:18.472] [Game] [info] GM Violet has logged in from IP 186.227.227.18.
[2025-09-14 22:25:55.119] [Game] [info] Druid has logged in from IP 186.227.227.18.
[2025-09-14 22:26:39.795] [Game] [info] GM Violet has logged out from IP 0.0.0.0.
[2025-09-14 22:36:26.991] [Game] [info] Druid has logged out from IP 0.0.0.0.
[2025-09-14 22:57:32.649] [Game] [info] Druid has logged in from IP 186.227.227.18.
[2025-09-14 23:04:54.570] [Game] [info] Druid has logged out from IP 0.0.0.0.
[2025-09-14 23:04:56.269] [Game] [info] GM Violet has logged in from IP 186.227.227.18.
[2025-09-14 23:05:10.963] [Game] [info] =========================> GAME LOG <=========================
[2025-09-15 06:03:00.997] [Game] [info] Saving game...
[2025-09-15 06:03:09.941] [Game] [info] Saving game...
[2025-09-15 06:03:10.415] [Game] [info] Shutting down...
[2025-09-15 06:03:10.421] [Game] [info] Shutdown complete.
[2025-09-15 06:42:32.393] [Game] [info] =========================> GAME LOG <=========================
[2025-09-15 06:43:21.244] [Game] [info] GM Violet has logged in from IP 186.227.227.18.
[2025-09-15 06:45:08.297] [Game] [info] GM Violet has logged out from IP 0.0.0.0.
[2025-09-15 08:06:36.283] [Game] [info] Very Krazy has logged in from IP 191.19.139.199.
[2025-09-15 08:12:02.564] [Game] [info] Very Krazy died in ( 33246 / 31670 / 008 )
[2025-09-15 08:12:02.565] [Game] [info] Very Krazy has logged out from IP 191.19.139.199.
[2025-09-15 08:12:08.655] [Game] [info] Very Krazy has logged in from IP 191.19.139.199.
[2025-09-15 08:25:48.476] [Game] [info] =========================> GAME LOG <=========================
[2025-09-15 08:30:02.248] [Game] [info] Very Krazy has logged in from IP 191.19.139.199.
[2025-09-15 08:41:19.387] [Game] [info] GM Violet has logged in from IP 191.19.139.199.
[2025-09-15 08:41:22.649] [Game] [info] [GM Violet at (32099.0,32204.0,7.0) used command] /save
[2025-09-15 08:41:22.652] [Game] [info] Saving game...
[2025-09-15 08:41:35.145] [Game] [info] [GM Violet at (32873.0,31923.0,8.0) used command] /save
[2025-09-15 08:41:35.145] [Game] [info] Saving game...
[2025-09-15 08:41:47.883] [Game] [info] GM Violet has logged out from IP 191.19.139.199.
[2025-09-15 08:41:47.888] [Game] [info] Very Krazy has logged out from IP 191.19.139.199.
[2025-09-15 08:41:47.893] [Game] [info] Saving game...
[2025-09-15 08:41:48.247] [Game] [info] Shutting down...
[2025-09-15 08:41:48.249] [Game] [info] Shutdown complete.
[2025-09-15 08:42:16.543] [Game] [info] =========================> GAME LOG <=========================
[2025-09-15 08:44:35.761] [Game] [info] Saving game...
[2025-09-15 08:44:36.117] [Game] [info] Shutting down...
[2025-09-15 08:44:36.119] [Game] [info] Shutdown complete.
[2025-09-15 08:44:43.986] [Game] [info] =========================> GAME LOG <=========================
[2025-09-15 08:45:18.139] [Game] [info] Saving game...
[2025-09-15 08:45:18.535] [Game] [info] Shutting down...
[2025-09-15 08:45:18.537] [Game] [info] Shutdown complete.
[2025-09-15 08:46:00.096] [Game] [info] =========================> GAME LOG <=========================
[2025-09-15 08:46:36.848] [Game] [info] Very Krazy has logged in from IP 191.19.139.199.
[2025-09-15 08:48:13.156] [Game] [info] Very Krazy has logged out from IP 0.0.0.0.
[2025-09-15 08:52:55.565] [Game] [info] Very Krazy has logged in from IP 191.19.139.199.
[2025-09-15 09:14:17.407] [Game] [info] Very Krazy has logged out from IP 0.0.0.0.
[2025-09-15 09:18:19.511] [Game] [info] Saving game...
[2025-09-15 09:18:19.832] [Game] [info] Shutting down...
[2025-09-15 09:18:19.834] [Game] [info] Shutdown complete.
[2025-09-15 09:18:27.757] [Game] [info] =========================> GAME LOG <=========================
[2025-09-15 09:19:34.665] [Game] [info] Saving game...
[2025-09-15 09:19:35.010] [Game] [info] Shutting down...
[2025-09-15 09:19:35.012] [Game] [info] Shutdown complete.
[2025-09-15 09:20:20.372] [Game] [info] =========================> GAME LOG <=========================
[2025-09-15 09:21:39.211] [Game] [info] Very Krazy has logged in from IP 191.19.139.199.
[2025-09-15 09:22:05.763] [Game] [info] GM Violet has logged in from IP 191.19.139.199.
[2025-09-15 09:32:01.893] [Game] [info] Very Krazy has logged out from IP 0.0.0.0.
[2025-09-15 09:32:14.559] [Game] [info] Very Krazy has logged in from IP 191.19.139.199.
[2025-09-15 09:35:06.921] [Game] [info] Very Krazy died in ( 32878 / 31948 / 011 )
[2025-09-15 09:35:06.921] [Game] [info] Very Krazy has logged out from IP 191.19.139.199.
[2025-09-15 09:35:12.273] [Game] [info] Very Krazy has logged in from IP 191.19.139.199.
[2025-09-15 09:46:39.056] [Game] [info] Very Krazy has logged out from IP 0.0.0.0.
[2025-09-15 09:54:40.338] [Game] [info] Very Krazy has logged in from IP 191.19.139.199.
[2025-09-15 09:58:33.155] [Game] [info] GM Violet has logged out from IP 0.0.0.0.
[2025-09-15 09:58:34.493] [Game] [info] GM Violet has logged in from IP 191.19.139.199.
[2025-09-15 10:06:34.240] [Game] [info] [GM Violet at (32873.0,31923.0,8.0) used command] /reload scripts
[2025-09-15 10:06:43.209] [Game] [info] GM Violet has logged out from IP 0.0.0.0.
[2025-09-15 10:06:45.019] [Game] [info] GM Violet has logged in from IP 191.19.139.199.
[2025-09-15 10:17:41.323] [Game] [info] GM Violet has logged out from IP 0.0.0.0.
[2025-09-15 10:17:43.207] [Game] [info] GM Violet has logged in from IP 191.19.139.199.
[2025-09-15 10:20:57.401] [Game] [info] Very Krazy died in ( 33236 / 32269 / 011 )
[2025-09-15 10:20:57.402] [Game] [info] Very Krazy has logged out from IP 191.19.139.199.
[2025-09-15 10:21:30.439] [Game] [info] Very Krazy has logged in from IP 191.19.139.199.
[2025-09-15 10:21:52.416] [Game] [info] GM Violet has logged out from IP 0.0.0.0.
[2025-09-15 10:21:55.164] [Game] [info] GM Violet has logged in from IP 191.19.139.199.
[2025-09-15 10:26:20.508] [Game] [info] GM Violet has logged out from IP 0.0.0.0.
[2025-09-15 10:26:22.605] [Game] [info] GM Violet has logged in from IP 191.19.139.199.
[2025-09-15 10:33:20.201] [Game] [info] Very Krazy has logged out from IP 191.19.139.199.
[2025-09-15 10:37:40.399] [Game] [info] Very Krazy has logged in from IP 191.19.139.199.
[2025-09-15 10:56:13.737] [Game] [info] [GM Violet at (32873.0,31923.0,8.0) used command] /save
[2025-09-15 10:56:13.737] [Game] [info] Saving game...
[2025-09-15 10:56:24.256] [Game] [info] Very Krazy has logged out from IP 0.0.0.0.
[2025-09-15 10:56:24.262] [Game] [info] GM Violet has logged out from IP 191.19.139.199.
[2025-09-15 10:56:24.266] [Game] [info] Saving game...
[2025-09-15 10:56:24.572] [Game] [info] Shutting down...
[2025-09-15 10:56:24.575] [Game] [info] Shutdown complete.
[2025-09-15 11:16:29.599] [Game] [info] =========================> GAME LOG <=========================
[2025-09-15 11:18:34.275] [Game] [info] GM Violet has logged in from IP 191.19.139.199.
[2025-09-15 11:18:54.563] [Game] [info] GM Violet has logged out from IP 0.0.0.0.
[2025-09-15 11:18:58.519] [Game] [info] GM Violet has logged in from IP 191.19.139.199.
[2025-09-15 11:20:14.585] [Game] [info] GM Violet has logged out from IP 0.0.0.0.
[2025-09-15 11:27:37.627] [Game] [info] Very Krazy has logged in from IP 191.19.139.199.
[2025-09-15 11:27:49.818] [Game] [info] GM Violet has logged in from IP 191.19.139.199.
[2025-09-15 11:29:25.717] [Game] [info] GM Violet has logged out from IP 0.0.0.0.
[2025-09-15 11:35:00.313] [Game] [info] Druid has logged in from IP 191.19.139.199.
[2025-09-15 11:35:08.777] [Game] [info] Druid has logged out from IP 0.0.0.0.
[2025-09-15 11:35:09.855] [Game] [info] GM Ezzz has logged in from IP 191.19.139.199.
[2025-09-15 11:47:37.945] [Game] [info] Very Krazy died in ( 33150 / 31595 / 012 )
[2025-09-15 11:47:37.946] [Game] [info] Very Krazy has logged out from IP 191.19.139.199.
[2025-09-15 11:47:45.472] [Game] [info] Very Krazy has logged in from IP 191.19.139.199.
[2025-09-15 11:53:52.360] [Game] [info] Druid has logged in from IP 191.19.139.199.
[2025-09-15 11:54:18.108] [Game] [info] Druid has logged out from IP 0.0.0.0.
[2025-09-15 11:54:23.000] [Game] [info] GM Violet has logged in from IP 191.19.139.199.
[2025-09-15 11:54:38.115] [Game] [info] GM Ezzz has logged out from IP 0.0.0.0.
[2025-09-15 11:59:47.178] [Game] [info] Very Krazy has logged out from IP 0.0.0.0.
[2025-09-15 12:16:55.388] [Game] [info] GM Violet has logged out from IP 0.0.0.0.
[2025-09-15 12:17:10.857] [Game] [info] GM Violet has logged in from IP 191.19.139.199.
[2025-09-15 12:19:04.379] [Game] [info] Druid has logged in from IP 191.19.139.199.
[2025-09-15 12:19:11.431] [Game] [info] GM Violet has logged out from IP 0.0.0.0.
[2025-09-15 12:22:30.618] [Game] [info] GM Violet has logged in from IP 191.19.139.199.
[2025-09-15 12:23:16.469] [Game] [info] Druid has logged out from IP 0.0.0.0.
[2025-09-15 12:26:19.965] [Game] [info] Druid has logged in from IP 191.19.139.199.
[2025-09-15 12:27:07.531] [Game] [info] GM Violet has logged out from IP 0.0.0.0.
[2025-09-15 12:27:25.539] [Game] [info] Druid has logged out from IP 0.0.0.0.
[2025-09-15 12:48:08.031] [Game] [info] Druid has logged in from IP 191.19.139.199.
[2025-09-15 12:48:13.828] [Game] [info] Druid has logged out from IP 0.0.0.0.
[2025-09-15 13:01:26.324] [Game] [info] GM Violet has logged in from IP 191.19.139.199.
[2025-09-15 13:01:47.994] [Game] [info] GM Violet has logged out from IP 0.0.0.0.
[2025-09-15 13:02:45.666] [Game] [info] GM Violet has logged in from IP 191.19.139.199.
[2025-09-15 13:13:35.745] [Game] [info] Druid has logged in from IP 191.19.139.199.
[2025-09-15 13:14:19.209] [Game] [info] GM Violet has logged out from IP 0.0.0.0.
[2025-09-15 13:14:41.216] [Game] [info] Druid has logged out from IP 0.0.0.0.
[2025-09-15 13:17:19.341] [Game] [info] GM Violet has logged in from IP 191.19.139.199.
[2025-09-15 13:18:56.780] [Game] [info] Druid has logged in from IP 191.19.139.199.
[2025-09-15 13:19:45.318] [Game] [info] GM Violet has logged out from IP 0.0.0.0.
[2025-09-15 13:20:02.323] [Game] [info] Druid has logged out from IP 0.0.0.0.
[2025-09-15 13:37:01.285] [Game] [info] GM Violet has logged in from IP 191.19.139.199.
[2025-09-15 13:45:36.835] [Game] [info] GM Violet has logged out from IP 0.0.0.0.
[2025-09-15 13:45:39.529] [Game] [info] GM Violet has logged in from IP 191.19.139.199.
[2025-09-15 13:47:20.966] [Game] [info] Very Krazy has logged in from IP 191.19.139.199.
[2025-09-15 13:59:06.149] [Game] [info] Very Krazy died in ( 33192 / 31659 / 014 )
[2025-09-15 13:59:06.150] [Game] [info] Very Krazy has logged out from IP 191.19.139.199.
[2025-09-15 13:59:14.407] [Game] [info] Very Krazy has logged in from IP 191.19.139.199.
[2025-09-15 14:46:19.191] [Game] [info] Very Krazy died in ( 33045 / 32691 / 004 )
[2025-09-15 14:46:19.191] [Game] [info] Very Krazy has logged out from IP 191.19.139.199.
[2025-09-15 14:46:37.056] [Game] [info] Very Krazy has logged in from IP 191.19.139.199.
[2025-09-15 15:00:38.485] [Game] [info] Very Krazy has logged out from IP 0.0.0.0.
[2025-09-15 15:07:56.959] [Game] [info] Make Market has logged in from IP 191.19.139.199.
[2025-09-15 15:18:02.863] [Game] [info] Make Market has logged out from IP 0.0.0.0.
[2025-09-15 15:35:43.891] [Game] [info] Make Market has logged in from IP 191.19.139.199.
[2025-09-15 16:02:02.252] [Game] [info] Make Market has logged out from IP 191.19.139.199.
[2025-09-15 17:25:58.215] [Game] [info] GM Violet has logged out from IP 191.19.139.199.
[2025-09-15 17:25:58.228] [Game] [info] Saving game...
[2025-09-15 17:25:58.611] [Game] [info] Shutting down...
[2025-09-15 17:25:58.613] [Game] [info] Shutdown complete.
[2025-09-16 18:35:03.647] [Game] [info] =========================> GAME LOG <=========================
[2025-09-16 18:40:07.482] [Game] [info] Make Market has logged in from IP 191.19.139.199.
[2025-09-16 18:49:46.660] [Game] [info] Make Market has logged out from IP 0.0.0.0.
[2025-09-16 18:49:52.404] [Game] [info] Make Market has logged in from IP 191.19.139.199.
[2025-09-16 18:50:18.602] [Game] [info] [Make Market at (32345.0,32218.0,7.0) used command] /a 2
[2025-09-16 18:52:47.008] [Game] [info] [Make Market at (33192.0,32954.0,15.0) used command] /t
[2025-09-16 18:53:51.201] [Game] [info] [Make Market at (32369.0,32229.0,7.0) used command] /a 20
[2025-09-16 18:53:52.300] [Game] [info] [Make Market at (32369.0,32209.0,7.0) used command] /a 20
[2025-09-16 18:53:52.816] [Game] [info] [Make Market at (32369.0,32189.0,7.0) used command] /a 20
[2025-09-16 18:53:53.328] [Game] [info] [Make Market at (32369.0,32169.0,7.0) used command] /a 20
[2025-09-16 18:53:54.220] [Game] [info] [Make Market at (32369.0,32149.0,7.0) used command] /a 20
[2025-09-16 18:53:54.956] [Game] [info] [Make Market at (32368.0,32130.0,7.0) used command] /a 20
[2025-09-16 18:53:55.636] [Game] [info] [Make Market at (32349.0,32129.0,7.0) used command] /a 20
[2025-09-16 18:53:56.072] [Game] [info] [Make Market at (32329.0,32129.0,7.0) used command] /a 20
[2025-09-16 18:53:56.949] [Game] [info] [Make Market at (32309.0,32129.0,7.0) used command] /a 20
[2025-09-16 18:53:57.461] [Game] [info] [Make Market at (32289.0,32130.0,7.0) used command] /a 20
[2025-09-16 18:53:59.141] [Game] [info] [Make Market at (32269.0,32130.0,7.0) used command] /a 20
[2025-09-16 18:53:59.692] [Game] [info] [Make Market at (32270.0,32111.0,7.0) used command] /a 20
[2025-09-16 18:54:00.993] [Game] [info] [Make Market at (32290.0,32111.0,7.0) used command] /a 20
[2025-09-16 18:54:02.060] [Game] [info] [Make Market at (32290.0,32091.0,7.0) used command] /a 20
[2025-09-16 18:54:17.972] [Game] [info] [Make Market at (32288.0,32063.0,7.0) used command] /a 20
[2025-09-16 18:54:19.861] [Game] [info] [Make Market at (32267.0,32062.0,7.0) used command] /a 20
[2025-09-16 18:54:21.116] [Game] [info] [Make Market at (32248.0,32062.0,7.0) used command] /a 20
[2025-09-16 18:54:22.373] [Game] [info] [Make Market at (32249.0,32041.0,7.0) used command] /a 20
[2025-09-16 18:55:24.787] [Game] [info] [Make Market at (32272.0,32014.0,9.0) used command] /t
[2025-09-16 18:55:28.603] [Game] [info] [Make Market at (32369.0,32241.0,7.0) used command] /a 20
[2025-09-16 18:55:30.039] [Game] [info] [Make Market at (32369.0,32261.0,7.0) used command] /a 20
[2025-09-16 18:55:31.087] [Game] [info] [Make Market at (32369.0,32281.0,7.0) used command] /a 20
[2025-09-16 18:55:32.123] [Game] [info] [Make Market at (32349.0,32281.0,7.0) used command] /a 20
[2025-09-16 18:55:33.219] [Game] [info] [Make Market at (32329.0,32281.0,7.0) used command] /a 20
[2025-09-16 18:55:36.127] [Game] [info] [Make Market at (32310.0,32279.0,7.0) used command] /a 20
[2025-09-16 18:55:46.547] [Game] [info] [Make Market at (32313.0,32266.0,7.0) used command] /a 2
[2025-09-16 18:55:47.439] [Game] [info] [Make Market at (32313.0,32268.0,7.0) used command] /a 2
[2025-09-16 18:55:47.859] [Game] [info] [Make Market at (32313.0,32270.0,7.0) used command] /a 2
[2025-09-16 18:55:48.383] [Game] [info] [Make Market at (32313.0,32272.0,7.0) used command] /a 2
[2025-09-16 18:55:49.523] [Game] [info] [Make Market at (32313.0,32274.0,7.0) used command] /a 2
[2025-09-16 18:55:50.111] [Game] [info] [Make Market at (32315.0,32274.0,7.0) used command] /a 2
[2025-09-16 18:55:50.894] [Game] [info] [Make Market at (32316.0,32274.0,7.0) used command] /a 2
[2025-09-16 18:55:54.627] [Game] [info] [Make Market at (32319.0,32272.0,8.0) used command] /a 2
[2025-09-16 18:55:55.487] [Game] [info] [Make Market at (32319.0,32270.0,8.0) used command] /a 2
[2025-09-16 18:55:55.991] [Game] [info] [Make Market at (32319.0,32268.0,8.0) used command] /a 2
[2025-09-16 18:55:56.991] [Game] [info] [Make Market at (32319.0,32266.0,8.0) used command] /a 2
[2025-09-16 18:55:57.663] [Game] [info] [Make Market at (32320.0,32265.0,8.0) used command] /a 2
[2025-09-16 18:56:02.683] [Game] [info] [Make Market at (32321.0,32265.0,8.0) used command] /down
[2025-09-16 18:56:06.235] [Game] [info] [Make Market at (32321.0,32266.0,8.0) used command] /t
[2025-09-16 18:56:09.147] [Game] [info] [Make Market at (32369.0,32241.0,7.0) used command] /a 100
[2025-09-16 18:56:10.847] [Game] [info] [Make Market at (32469.0,32241.0,7.0) used command] /a 100
[2025-09-16 18:56:13.163] [Game] [info] [Make Market at (32470.0,32241.0,7.0) used command] /a 100
[2025-09-16 18:56:16.391] [Game] [info] [Make Market at (32470.0,32241.0,7.0) used command] /t
[2025-09-16 18:56:28.708] [Game] [info] Make Market has logged out from IP 0.0.0.0.
[2025-09-16 18:56:42.754] [Game] [info] Make Market has logged in from IP 191.19.139.199.
[2025-09-16 18:58:33.722] [Game] [info] Make Market has logged out from IP 0.0.0.0.
[2025-09-16 18:58:35.021] [Game] [info] Make Market has logged in from IP 191.19.139.199.
[2025-09-16 18:58:41.999] [Game] [info] [Make Market at (32369.0,32239.0,7.0) used command] /i 3031
[2025-09-16 18:58:51.957] [Game] [info] [Make Market at (32369.0,32241.0,7.0) used command] /r
[2025-09-16 18:58:59.175] [Game] [info] [Make Market at (32369.0,32233.0,7.0) used command] /i backpack
[2025-09-16 19:01:16.585] [Game] [info] Make Market has logged out from IP 0.0.0.0.
[2025-09-16 19:30:56.986] [Game] [info] GM Violet has logged in from IP 186.227.227.18.
[2025-09-16 19:34:16.257] [Game] [info] GM Violet has logged out from IP 0.0.0.0.
[2025-09-16 19:34:42.318] [Game] [info] GM Violet has logged in from IP 186.227.227.18.
[2025-09-16 19:35:06.274] [Game] [info] GM Violet has logged out from IP 0.0.0.0.
[2025-09-16 19:35:07.442] [Game] [info] GM Violet has logged in from IP 186.227.227.18.
[2025-09-16 19:46:39.950] [Game] [info] Druid has logged in from IP 186.227.227.18.
[2025-09-16 19:47:09.523] [Game] [info] Druid has logged out from IP 0.0.0.0.
[2025-09-16 19:47:18.529] [Game] [info] GM Violet has logged out from IP 0.0.0.0.
[2025-09-16 19:47:20.003] [Game] [info] GM Violet has logged in from IP 186.227.227.18.
[2025-09-16 19:50:07.582] [Game] [info] GM Violet has logged out from IP 0.0.0.0.
[2025-09-16 19:50:08.748] [Game] [info] GM Violet has logged in from IP 186.227.227.18.
[2025-09-16 19:50:23.590] [Game] [info] GM Violet has logged out from IP 0.0.0.0.
[2025-09-16 19:50:27.843] [Game] [info] GM Violet has logged in from IP 186.227.227.18.
[2025-09-16 19:52:08.625] [Game] [info] GM Violet has logged out from IP 0.0.0.0.
[2025-09-16 19:52:10.132] [Game] [info] GM Violet has logged in from IP 186.227.227.18.
[2025-09-16 19:52:36.467] [Game] [info] Druid has logged in from IP 186.227.227.18.
[2025-09-16 19:52:43.636] [Game] [info] Druid has logged out from IP 0.0.0.0.
[2025-09-16 19:53:04.643] [Game] [info] GM Violet has logged out from IP 0.0.0.0.
[2025-09-16 19:53:05.430] [Game] [info] GM Violet has logged in from IP 186.227.227.18.
[2025-09-16 19:53:47.800] [Game] [info] =========================> GAME LOG <=========================
[2025-09-16 19:54:38.896] [Game] [info] GM Violet has logged in from IP 186.227.227.18.
[2025-09-16 19:54:48.310] [Game] [info] GM Violet has logged out from IP 0.0.0.0.
[2025-09-16 19:54:49.016] [Game] [info] GM Violet has logged in from IP 186.227.227.18.
[2025-09-16 20:32:32.544] [Game] [info] GM Violet has logged out from IP 0.0.0.0.
[2025-09-16 20:32:33.958] [Game] [info] [Warning - IOLoginData::loadPlayer] GM Violet has Guild ID 3 which doesn't exist
[2025-09-16 20:32:33.961] [Game] [info] GM Violet has logged in from IP 186.227.227.18.
[2025-09-16 20:32:38.557] [Game] [info] GM Violet has logged out from IP 0.0.0.0.
[2025-09-16 20:32:39.465] [Game] [info] [Warning - IOLoginData::loadPlayer] GM Violet has Guild ID 3 which doesn't exist
[2025-09-16 20:32:39.467] [Game] [info] GM Violet has logged in from IP 186.227.227.18.
[2025-09-16 20:45:30.626] [Game] [info] GM Violet has logged out from IP 0.0.0.0.
[2025-09-16 20:54:50.871] [Game] [info] [Warning - IOLoginData::loadPlayer] GM Violet has Guild ID 3 which doesn't exist
[2025-09-16 20:54:50.885] [Game] [info] GM Violet has logged in from IP 186.227.227.18.
[2025-09-16 20:54:54.736] [Game] [info] GM Violet has logged out from IP 0.0.0.0.
[2025-09-16 20:54:55.347] [Game] [info] [Warning - IOLoginData::loadPlayer] GM Violet has Guild ID 3 which doesn't exist
[2025-09-16 20:54:55.351] [Game] [info] GM Violet has logged in from IP 186.227.227.18.
[2025-09-16 20:57:37.794] [Game] [info] GM Violet has logged out from IP 0.0.0.0.
[2025-09-16 20:57:39.793] [Game] [info] [Warning - IOLoginData::loadPlayer] GM Violet has Guild ID 3 which doesn't exist
[2025-09-16 20:57:39.797] [Game] [info] GM Violet has logged in from IP 186.227.227.18.
[2025-09-16 20:59:08.880] [Game] [info] GM Violet has logged out from IP 0.0.0.0.
[2025-09-16 20:59:11.083] [Game] [info] GM Violet has logged in from IP 186.227.227.18.
[2025-09-16 21:01:26.928] [Game] [info] GM Violet has logged out from IP 0.0.0.0.
[2025-09-16 21:01:28.699] [Game] [info] GM Violet has logged in from IP 186.227.227.18.
[2025-09-16 21:07:33.058] [Game] [info] GM Violet has logged out from IP 0.0.0.0.
[2025-09-16 21:07:33.944] [Game] [info] GM Violet has logged in from IP 186.227.227.18.
[2025-09-16 21:08:25.430] [Game] [info] GM Violet has logged out from IP 186.227.227.18.
[2025-09-16 21:08:25.435] [Game] [info] Saving game...
[2025-09-16 21:08:25.809] [Game] [info] Shutting down...
[2025-09-16 21:08:25.814] [Game] [info] Shutdown complete.
[2025-09-16 21:08:36.335] [Game] [info] =========================> GAME LOG <=========================
[2025-09-16 21:09:22.670] [Game] [info] Saving game...
[2025-09-16 21:09:23.004] [Game] [info] Shutting down...
[2025-09-16 21:09:23.007] [Game] [info] Shutdown complete.
[2025-09-16 21:12:24.833] [Game] [info] =========================> GAME LOG <=========================
[2025-09-16 21:12:57.432] [Game] [info] Saving game...
[2025-09-16 21:12:57.761] [Game] [info] Shutting down...
[2025-09-16 21:12:57.763] [Game] [info] Shutdown complete.
[2025-09-16 21:15:01.208] [Game] [info] =========================> GAME LOG <=========================
[2025-09-16 21:15:37.696] [Game] [info] GM Violet has logged in from IP 186.227.227.18.
[2025-09-16 21:15:43.220] [Game] [info] GM Violet has logged out from IP 0.0.0.0.
[2025-09-16 21:15:44.356] [Game] [info] GM Violet has logged in from IP 186.227.227.18.
[2025-09-16 21:18:47.262] [Game] [info] GM Violet has logged out from IP 0.0.0.0.
[2025-09-16 21:18:48.243] [Game] [info] GM Violet has logged in from IP 186.227.227.18.
[2025-09-16 22:36:11.707] [Game] [info] GM Violet has logged out from IP 186.227.227.18.
[2025-09-16 22:36:11.726] [Game] [info] Saving game...
[2025-09-16 22:36:12.082] [Game] [info] Shutting down...
[2025-09-16 22:36:12.086] [Game] [info] Shutdown complete.
[2025-09-16 22:36:34.111] [Game] [info] =========================> GAME LOG <=========================
[2025-09-16 22:37:19.476] [Game] [info] GM Violet has logged in from IP 186.227.227.18.
[2025-09-16 22:38:48.217] [Game] [info] GM Violet has logged out from IP 0.0.0.0.
[2025-09-16 22:38:49.086] [Game] [info] GM Violet has logged in from IP 186.227.227.18.
[2025-09-16 22:38:55.225] [Game] [info] GM Violet has logged out from IP 0.0.0.0.
[2025-09-16 22:38:56.859] [Game] [info] GM Violet has logged in from IP 186.227.227.18.
[2025-09-16 23:16:40.499] [Game] [info] GM Violet has logged out from IP 0.0.0.0.
[2025-09-16 23:16:46.780] [Game] [info] GM Violet has logged in from IP 186.227.227.18.
[2025-09-16 23:16:59.512] [Game] [info] GM Violet has logged out from IP 0.0.0.0.
[2025-09-16 23:17:01.072] [Game] [info] GM Violet has logged in from IP 186.227.227.18.
[2025-09-16 23:20:15.536] [Game] [info] GM Violet has logged out from IP 0.0.0.0.
[2025-09-16 23:20:16.399] [Game] [info] GM Violet has logged in from IP 186.227.227.18.
[2025-09-16 23:20:36.545] [Game] [info] GM Violet has logged out from IP 0.0.0.0.
[2025-09-16 23:20:39.074] [Game] [info] GM Violet has logged in from IP 186.227.227.18.
[2025-09-17 06:03:00.262] [Game] [info] Saving game...
[2025-09-17 06:03:00.653] [Game] [info] GM Violet has logged out from IP 186.227.227.18.
[2025-09-17 06:03:10.158] [Game] [info] Saving game...
[2025-09-17 06:03:10.620] [Game] [info] Shutting down...
[2025-09-17 06:03:10.624] [Game] [info] Shutdown complete.
[2025-09-17 08:18:50.317] [Game] [info] =========================> GAME LOG <=========================
[2025-09-17 08:20:39.394] [Game] [info] GM Violet has logged in from IP 191.19.139.199.
[2025-09-17 09:02:44.596] [Game] [info] Make Market has logged in from IP 191.19.139.199.
[2025-09-17 09:03:12.870] [Game] [info] [Make Market at (32345.0,32217.0,7.0) used command] /m dragon lord
[2025-09-17 09:04:38.349] [Game] [info] Manolo Man has logged in from IP 191.19.139.199.
[2025-09-17 09:04:42.401] [Game] [info] Manolo Man has logged out from IP 0.0.0.0.
[2025-09-17 09:04:44.295] [Game] [info] Very Krazy has logged in from IP 191.19.139.199.
[2025-09-17 09:04:55.733] [Game] [info] [Make Market at (32346.0,32219.0,7.0) used command] /c Very Krazy
[2025-09-17 09:06:03.413] [Game] [info] [Make Market at (32346.0,32219.0,7.0) used command] /i suden death rune
[2025-09-17 09:06:40.461] [Game] [info] [Make Market at (32345.0,32219.0,7.0) used command] /i Sudden Death Rune
[2025-09-17 09:07:19.181] [Game] [info] [Make Market at (32345.0,32219.0,7.0) used command] /i 3155
[2025-09-17 09:07:25.117] [Game] [info] [Make Market at (32344.0,32219.0,7.0) used command] /r
[2025-09-17 09:07:28.241] [Game] [info] [Make Market at (32344.0,32219.0,7.0) used command] /r
[2025-09-17 09:10:53.473] [Game] [info] [Make Market at (32344.0,32219.0,7.0) used command] /i demon helmet
[2025-09-17 09:11:46.032] [Game] [info] [Make Market at (32344.0,32219.0,7.0) used command] /i Bloodfang Bolt Quiver
[2025-09-17 09:12:35.112] [Game] [info] [Make Market at (32344.0,32219.0,7.0) used command] /i Ravenor Coin, 100
[2025-09-17 09:12:37.056] [Game] [info] [Make Market at (32344.0,32219.0,7.0) used command] /i Ravenor Coin, 100
[2025-09-17 09:12:38.860] [Game] [info] [Make Market at (32344.0,32219.0,7.0) used command] /i Ravenor Coin, 100
[2025-09-17 09:12:39.416] [Game] [info] [Make Market at (32344.0,32219.0,7.0) used command] /i Ravenor Coin, 100
[2025-09-17 09:12:39.924] [Game] [info] [Make Market at (32344.0,32219.0,7.0) used command] /i Ravenor Coin, 100
[2025-09-17 09:13:04.985] [Game] [info] [Make Market at (32344.0,32220.0,7.0) used command] /i Crystal Coin, 100
[2025-09-17 09:13:48.876] [Game] [info] [Make Market at (32344.0,32220.0,7.0) used command] /i Sacred Bow
[2025-09-17 09:13:59.252] [Game] [info] [Make Market at (32344.0,32220.0,7.0) used command] /i Sacred Crossbow
[2025-09-17 09:14:31.160] [Game] [info] [Make Market at (32344.0,32220.0,7.0) used command] /i Amazon Armor
[2025-09-17 09:15:12.676] [Game] [info] [Make Market at (32344.0,32220.0,7.0) used command] /i Magic Plate Armor
[2025-09-17 09:15:36.708] [Game] [info] [Make Market at (32344.0,32220.0,7.0) used command] /i Dragon Scale Mail
[2025-09-17 09:17:48.584] [Game] [info] [Make Market at (32344.0,32220.0,7.0) used command] /i Hunting Arrow
[2025-09-17 09:18:20.756] [Game] [info] [Make Market at (32344.0,32220.0,7.0) used command] /i Sacred Arrow Quiver
[2025-09-17 09:19:34.345] [Game] [info] [Make Market at (32344.0,32220.0,7.0) used command] /i Blazefury Orb, 100
[2025-09-17 09:19:48.777] [Game] [info] [Make Market at (32344.0,32220.0,7.0) used command] /i Netherbound Orb, 100
[2025-09-17 09:21:21.713] [Game] [info] [Make Market at (32344.0,32220.0,7.0) used command] /i Sacred Crossbow
[2025-09-17 09:21:24.961] [Game] [info] [Make Market at (32344.0,32220.0,7.0) used command] /i Sacred Crossbow
[2025-09-17 09:21:34.461] [Game] [info] [Make Market at (32344.0,32220.0,7.0) used command] /i Sacred Bow
[2025-09-17 09:21:35.537] [Game] [info] [Make Market at (32344.0,32220.0,7.0) used command] /i Sacred Bow
[2025-09-17 09:23:06.001] [Game] [info] [Make Market at (32344.0,32220.0,7.0) used command] /i Crystal Coin, 100
[2025-09-17 09:23:07.117] [Game] [info] [Make Market at (32344.0,32220.0,7.0) used command] /i Crystal Coin, 100
[2025-09-17 09:24:08.809] [Game] [info] [Make Market at (32344.0,32220.0,7.0) used command] /i Sacred Arrow Quiver
[2025-09-17 09:24:09.553] [Game] [info] [Make Market at (32344.0,32220.0,7.0) used command] /i Sacred Arrow Quiver
[2025-09-17 09:24:18.313] [Game] [info] [Make Market at (32344.0,32220.0,7.0) used command] /i Hunting Arrow
[2025-09-17 09:24:18.937] [Game] [info] [Make Market at (32344.0,32220.0,7.0) used command] /i Hunting Arrow
[2025-09-17 09:24:19.681] [Game] [info] [Make Market at (32344.0,32220.0,7.0) used command] /i Hunting Arrow
[2025-09-17 09:24:33.541] [Game] [info] [Make Market at (32344.0,32220.0,7.0) used command] /i Sacred Crossbow
[2025-09-17 09:24:36.917] [Game] [info] [Make Market at (32344.0,32220.0,7.0) used command] /i Sacred Arrow Quiver
[2025-09-17 09:24:52.741] [Game] [info] [Make Market at (32344.0,32220.0,7.0) used command] /i Bloodfang Bolt Quiver
[2025-09-17 09:24:53.553] [Game] [info] [Make Market at (32344.0,32220.0,7.0) used command] /i Bloodfang Bolt Quiver
[2025-09-17 09:24:54.377] [Game] [info] [Make Market at (32344.0,32220.0,7.0) used command] /i Bloodfang Bolt Quiver
[2025-09-17 09:26:04.937] [Game] [info] [Make Market at (32340.0,32222.0,7.0) used command] /m FROST DRAGON
[2025-09-17 09:27:16.005] [Game] [info] [Make Market at (32345.0,32218.0,7.0) used command] /r
[2025-09-17 09:27:19.049] [Game] [info] [Make Market at (32345.0,32217.0,7.0) used command] /r
[2025-09-17 09:27:26.953] [Game] [info] [Make Market at (32345.0,32217.0,7.0) used command] /m DRAGON LORD
[2025-09-17 09:29:57.862] [Game] [info] [Make Market at (32345.0,32219.0,7.0) used command] /i Sacred Crossbow
[2025-09-17 09:30:00.367] [Game] [info] [Make Market at (32345.0,32219.0,7.0) used command] /i Sacred Crossbow
[2025-09-17 09:31:04.430] [Game] [info] [Make Market at (32345.0,32217.0,7.0) used command] /m DRAGON LORD
[2025-09-17 09:33:02.923] [Game] [info] [Make Market at (32345.0,32217.0,7.0) used command] /i BACKPACK
[2025-09-17 09:33:04.182] [Game] [info] [Make Market at (32345.0,32217.0,7.0) used command] /i BACKPACK
[2025-09-17 09:36:39.090] [Game] [info] [Make Market at (32361.0,32215.0,7.0) used command] /i Sudden Death Rune
[2025-09-17 09:36:42.998] [Game] [info] [Make Market at (32361.0,32215.0,7.0) used command] /i Sudden Death Rune
[2025-09-17 09:36:45.454] [Game] [info] [Make Market at (32361.0,32215.0,7.0) used command] /i Sudden Death
[2025-09-17 09:36:52.566] [Game] [info] [Make Market at (32361.0,32214.0,7.0) used command] /i Death
[2025-09-17 09:36:56.346] [Game] [info] [Make Market at (32361.0,32214.0,7.0) used command] /i Death RUNE
[2025-09-17 09:37:03.971] [Game] [info] [Make Market at (32361.0,32214.0,7.0) used command] /a 20
[2025-09-17 09:37:07.378] [Game] [info] [Make Market at (32382.0,32214.0,7.0) used command] /a 2
[2025-09-17 09:37:08.250] [Game] [info] [Make Market at (32384.0,32214.0,7.0) used command] /a 2
[2025-09-17 09:37:08.738] [Game] [info] [Make Market at (32386.0,32214.0,7.0) used command] /a 2
[2025-09-17 09:37:09.226] [Game] [info] [Make Market at (32388.0,32214.0,7.0) used command] /a 2
[2025-09-17 09:37:09.642] [Game] [info] [Make Market at (32390.0,32214.0,7.0) used command] /a 2
[2025-09-17 09:37:10.030] [Game] [info] [Make Market at (32392.0,32214.0,7.0) used command] /a 2
[2025-09-17 09:37:10.418] [Game] [info] [Make Market at (32394.0,32214.0,7.0) used command] /a 2
[2025-09-17 09:37:10.890] [Game] [info] [Make Market at (32396.0,32214.0,7.0) used command] /a 2
[2025-09-17 09:38:03.758] [Game] [info] [Make Market at (33133.0,32641.0,7.0) used command] /down
[2025-09-17 09:38:04.598] [Game] [info] [Make Market at (33133.0,32641.0,8.0) used command] /down
[2025-09-17 09:38:05.338] [Game] [info] [Make Market at (33133.0,32641.0,9.0) used command] /down
[2025-09-17 09:38:06.206] [Game] [info] [Make Market at (33133.0,32641.0,10.0) used command] /down
[2025-09-17 09:38:08.886] [Game] [info] [Make Market at (33134.0,32641.0,11.0) used command] /down
[2025-09-17 09:38:12.426] [Game] [info] [Make Market at (33134.0,32641.0,12.0) used command] /a 20
[2025-09-17 09:38:14.370] [Game] [info] [Make Market at (33155.0,32641.0,12.0) used command] /a 20
[2025-09-17 09:38:15.122] [Game] [info] [Make Market at (33175.0,32641.0,12.0) used command] /a 20
[2025-09-17 09:38:15.994] [Game] [info] [Make Market at (33195.0,32641.0,12.0) used command] /a 20
[2025-09-17 09:38:17.652] [Game] [info] [Make Market at (33215.0,32641.0,12.0) used command] /a 20
[2025-09-17 09:38:20.128] [Game] [info] [Make Market at (33215.0,32662.0,12.0) used command] /down
[2025-09-17 09:38:25.424] [Game] [info] [Make Market at (33213.0,32667.0,13.0) used command] /down
[2025-09-17 09:38:27.576] [Game] [info] [Make Market at (33213.0,32667.0,14.0) used command] /down
[2025-09-17 09:38:31.168] [Game] [info] [Make Market at (33213.0,32667.0,15.0) used command] /a 20
[2025-09-17 09:38:32.392] [Game] [info] [Make Market at (33213.0,32647.0,15.0) used command] /a 20
[2025-09-17 09:38:36.660] [Game] [info] [Make Market at (33219.0,32627.0,15.0) used command] /a 20
[2025-09-17 09:38:38.400] [Game] [info] [Make Market at (33239.0,32627.0,15.0) used command] /a 20
[2025-09-17 09:38:39.460] [Game] [info] [Make Market at (33239.0,32607.0,15.0) used command] /a 20
[2025-09-17 09:38:45.036] [Game] [info] [Make Market at (33241.0,32590.0,15.0) used command] /a 20
[2025-09-17 09:38:50.080] [Game] [info] [Make Market at (33241.0,32610.0,15.0) used command] /a 20
[2025-09-17 09:38:50.664] [Game] [info] [Make Market at (33241.0,32630.0,15.0) used command] /a 20
[2025-09-17 09:38:51.169] [Game] [info] [Make Market at (33241.0,32650.0,15.0) used command] /a 20
[2025-09-17 09:38:54.296] [Game] [info] [Make Market at (33241.0,32670.0,15.0) used command] /a 2
[2025-09-17 09:38:56.336] [Game] [info] [Make Market at (33243.0,32670.0,15.0) used command] /a 2
[2025-09-17 09:39:01.289] [Game] [info] [Make Market at (33245.0,32672.0,15.0) used command] /down
[2025-09-17 09:39:04.656] [Game] [info] [Make Market at (33245.0,32672.0,15.0) used command] /up
[2025-09-17 09:39:11.152] [Game] [info] [Make Market at (33244.0,32671.0,14.0) used command] /a 2
[2025-09-17 09:39:15.141] [Game] [info] [Make Market at (33244.0,32675.0,15.0) used command] /up
[2025-09-17 09:39:33.560] [Game] [info] [Make Market at (33258.0,32680.0,15.0) used command] /u
[2025-09-17 09:39:41.789] [Game] [info] [Make Market at (33262.0,32679.0,13.0) used command] /a 2
[2025-09-17 09:39:48.474] [Game] [info] [Make Market at (33265.0,32677.0,14.0) used command] /a 2
[2025-09-17 09:39:55.702] [Game] [info] [Make Market at (33264.0,32681.0,14.0) used command] /a 2
[2025-09-17 09:39:57.323] [Game] [info] [Make Market at (33264.0,32683.0,14.0) used command] /a 2
[2025-09-17 09:40:04.363] [Game] [info] [Make Market at (33265.0,32688.0,13.0) used command] /a 2
[2025-09-17 09:40:07.998] [Game] [info] [Make Market at (33265.0,32690.0,13.0) used command] /a 2
[2025-09-17 09:40:09.658] [Game] [info] [Make Market at (33265.0,32692.0,13.0) used command] /a 2
[2025-09-17 09:40:14.163] [Game] [info] [Make Market at (33264.0,32694.0,14.0) used command] /up
[2025-09-17 09:40:52.322] [Game] [info] [Make Market at (33244.0,32701.0,11.0) used command] /a 2
[2025-09-17 09:40:53.354] [Game] [info] [Make Market at (33242.0,32701.0,11.0) used command] /a 2
[2025-09-17 09:40:53.738] [Game] [info] [Make Market at (33240.0,32701.0,11.0) used command] /a 2
[2025-09-17 09:40:54.110] [Game] [info] [Make Market at (33238.0,32701.0,11.0) used command] /a 2
[2025-09-17 09:40:54.526] [Game] [info] [Make Market at (33236.0,32701.0,11.0) used command] /a 2
[2025-09-17 09:41:03.023] [Game] [info] [Make Market at (33233.0,32704.0,8.0) used command] /up
[2025-09-17 09:41:08.574] [Game] [info] [Make Market at (33233.0,32704.0,7.0) used command] /down
[2025-09-17 09:41:09.379] [Game] [info] [Make Market at (33233.0,32704.0,8.0) used command] /down
[2025-09-17 09:41:09.879] [Game] [info] [Make Market at (33233.0,32704.0,9.0) used command] /down
[2025-09-17 09:41:10.654] [Game] [info] [Make Market at (33233.0,32704.0,10.0) used command] /down
[2025-09-17 09:41:11.514] [Game] [info] [Make Market at (33233.0,32704.0,11.0) used command] /down
[2025-09-17 09:41:13.290] [Game] [info] [Make Market at (33233.0,32704.0,12.0) used command] /down
[2025-09-17 09:41:16.358] [Game] [info] [Make Market at (33233.0,32704.0,13.0) used command] /a 20
[2025-09-17 09:41:20.390] [Game] [info] [Make Market at (33253.0,32704.0,14.0) used command] /a 2
[2025-09-17 09:41:26.550] [Game] [info] [Make Market at (33249.0,32704.0,14.0) used command] /up
[2025-09-17 09:41:32.946] [Game] [info] [Make Market at (33247.0,32703.0,13.0) used command] /up
[2025-09-17 09:41:36.775] [Game] [info] [Make Market at (33247.0,32703.0,12.0) used command] /a 2
[2025-09-17 09:41:39.530] [Game] [info] [Make Market at (33245.0,32703.0,12.0) used command] /down
[2025-09-17 09:41:40.894] [Game] [info] [Make Market at (33245.0,32703.0,13.0) used command] /down
[2025-09-17 09:41:42.795] [Game] [info] [Make Market at (33245.0,32703.0,14.0) used command] /down
[2025-09-17 09:41:46.755] [Game] [info] [Make Market at (33247.0,32703.0,15.0) used command] /down
[2025-09-17 09:41:48.134] [Game] [info] [Make Market at (33247.0,32703.0,15.0) used command] /down
[2025-09-17 09:41:50.714] [Game] [info] [Make Market at (33247.0,32703.0,15.0) used command] /a 2
[2025-09-17 09:41:54.483] [Game] [info] [Make Market at (33252.0,32703.0,15.0) used command] /a 2
[2025-09-17 09:41:55.054] [Game] [info] [Make Market at (33254.0,32703.0,15.0) used command] /a 2
[2025-09-17 09:41:55.526] [Game] [info] [Make Market at (33256.0,32703.0,15.0) used command] /a 2
[2025-09-17 09:41:56.002] [Game] [info] [Make Market at (33258.0,32703.0,15.0) used command] /a 2
[2025-09-17 09:41:56.474] [Game] [info] [Make Market at (33260.0,32703.0,15.0) used command] /a 2
[2025-09-17 09:41:56.930] [Game] [info] [Make Market at (33262.0,32703.0,15.0) used command] /a 2
[2025-09-17 09:41:58.698] [Game] [info] [Make Market at (33264.0,32703.0,15.0) used command] /a 2
[2025-09-17 09:41:59.198] [Game] [info] [Make Market at (33266.0,32703.0,15.0) used command] /a 2
[2025-09-17 09:41:59.671] [Game] [info] [Make Market at (33268.0,32703.0,15.0) used command] /a 2
[2025-09-17 09:42:01.054] [Game] [info] [Make Market at (33270.0,32703.0,15.0) used command] /a 2
[2025-09-17 09:42:03.823] [Game] [info] [Make Market at (33272.0,32703.0,15.0) used command] /up
[2025-09-17 09:42:40.231] [Game] [info] [Make Market at (33272.0,32703.0,15.0) used command] /t
[2025-09-17 09:43:49.695] [Game] [info] [Make Market at (33266.0,31846.0,4.0) used command] /down
[2025-09-17 09:43:50.418] [Game] [info] [Make Market at (33266.0,31846.0,5.0) used command] /down
[2025-09-17 09:43:59.878] [Game] [info] [Make Market at (33267.0,31840.0,6.0) used command] /a 5
[2025-09-17 09:44:12.155] [Game] [info] [Make Market at (33263.0,31834.0,5.0) used command] /a 5
[2025-09-17 09:44:14.146] [Game] [info] [Make Market at (33263.0,31834.0,5.0) used command] /a 6
[2025-09-17 09:44:26.038] [Game] [info] [Make Market at (33268.0,31834.0,6.0) used command] /a 2
[2025-09-17 09:44:27.074] [Game] [info] [Make Market at (33268.0,31832.0,6.0) used command] /a 2
[2025-09-17 09:44:27.526] [Game] [info] [Make Market at (33268.0,31830.0,6.0) used command] /a 2
[2025-09-17 09:44:27.983] [Game] [info] [Make Market at (33268.0,31828.0,6.0) used command] /a 2
[2025-09-17 09:44:29.966] [Game] [info] [Make Market at (33267.0,31825.0,6.0) used command] /a 2
[2025-09-17 09:44:30.539] [Game] [info] [Make Market at (33265.0,31825.0,6.0) used command] /a 2
[2025-09-17 09:44:31.374] [Game] [info] [Make Market at (33263.0,31825.0,6.0) used command] /a 2
[2025-09-17 09:44:32.222] [Game] [info] [Make Market at (33261.0,31825.0,6.0) used command] /a 2
[2025-09-17 09:44:33.263] [Game] [info] [Make Market at (33259.0,31825.0,6.0) used command] /a 2
[2025-09-17 09:49:34.450] [Game] [info] [Make Market at (33257.0,31832.0,6.0) used command] /a 2
[2025-09-17 09:49:35.377] [Game] [info] [Make Market at (33257.0,31834.0,6.0) used command] /a 2
[2025-09-17 09:49:35.797] [Game] [info] [Make Market at (33257.0,31836.0,6.0) used command] /a 2
[2025-09-17 09:49:36.201] [Game] [info] [Make Market at (33257.0,31838.0,6.0) used command] /a 2
[2025-09-17 09:50:44.914] [Game] [info] [Make Market at (33255.0,31839.0,7.0) used command] /t
[2025-09-17 09:50:47.438] [Game] [info] [Make Market at (32369.0,32241.0,7.0) used command] /a 20
[2025-09-17 09:50:49.302] [Game] [info] [Make Market at (32349.0,32241.0,7.0) used command] /a 20
[2025-09-17 09:51:44.649] [Game] [info] [Make Market at (32345.0,32221.0,7.0) used command] /addSkill Very Krazy, level, 20
[2025-09-17 09:52:07.711] [Game] [info] [Make Market at (32345.0,32221.0,7.0) used command] /addSkill Make Market, level, 20
[2025-09-17 09:52:13.431] [Game] [info] [Make Market at (32345.0,32221.0,7.0) used command] /addSkill Make Market, level, 20
[2025-09-17 09:53:32.358] [Game] [info] [Make Market at (32345.0,32221.0,7.0) used command] /i Blazefury Orb, 100
[2025-09-17 09:55:13.734] [Game] [info] [Make Market at (32345.0,32221.0,7.0) used command] /i Crystal Coin, 100
[2025-09-17 09:55:14.526] [Game] [info] [Make Market at (32345.0,32221.0,7.0) used command] /i Crystal Coin, 100
[2025-09-17 09:55:15.018] [Game] [info] [Make Market at (32345.0,32221.0,7.0) used command] /i Crystal Coin, 100
[2025-09-17 09:55:15.510] [Game] [info] [Make Market at (32345.0,32221.0,7.0) used command] /i Crystal Coin, 100
[2025-09-17 10:28:50.922] [Game] [info] Very Krazy has logged out from IP 191.19.139.199.
[2025-09-17 11:54:32.530] [Game] [info] GM Violet has logged out from IP 0.0.0.0.
[2025-09-17 11:54:34.535] [Game] [info] Make Market has logged out from IP 0.0.0.0.
[2025-09-17 13:43:10.225] [Game] [info] Very Krazy has logged in from IP 191.19.139.199.
[2025-09-17 13:44:11.275] [Game] [info] Make Market has logged in from IP 191.19.139.199.
[2025-09-17 13:45:04.352] [Game] [info] [Make Market at (32345.0,32221.0,7.0) used command] /addSkill Very Krazy, distance, 20
[2025-09-17 13:45:24.760] [Game] [info] [Make Market at (32340.0,32222.0,7.0) used command] /m dragon lord
[2025-09-17 13:48:04.001] [Game] [info] [Make Market at (32340.0,32222.0,7.0) used command] /m dragon lord
[2025-09-17 13:49:32.796] [Game] [info] [Make Market at (32340.0,32222.0,7.0) used command] /m demodras
[2025-09-17 13:49:49.952] [Game] [info] Very Krazy died in ( 32346 / 32217 / 007 )
[2025-09-17 13:49:49.952] [Game] [info] Very Krazy has logged out from IP 191.19.139.199.
[2025-09-17 13:50:14.296] [Game] [info] [Make Market at (32348.0,32214.0,7.0) used command] /r
[2025-09-17 13:50:19.644] [Game] [info] [Make Market at (32343.0,32214.0,7.0) used command] /r
[2025-09-17 13:50:21.504] [Game] [info] [Make Market at (32343.0,32212.0,7.0) used command] /r
[2025-09-17 13:50:22.836] [Game] [info] [Make Market at (32343.0,32212.0,7.0) used command] /r
[2025-09-17 13:50:58.548] [Game] [info] [Make Market at (32389.0,32214.0,7.0) used command] /m demon
[2025-09-17 13:51:06.148] [Game] [info] Very Krazy has logged in from IP 191.19.139.199.
[2025-09-17 13:51:16.212] [Game] [info] [Make Market at (32377.0,32214.0,7.0) used command] /a 20
[2025-09-17 13:51:21.728] [Game] [info] [Make Market at (32352.0,32215.0,7.0) used command] /c Very Krazy
[2025-09-17 13:51:40.104] [Game] [info] [Make Market at (32355.0,32215.0,7.0) used command] /a 20
[2025-09-17 13:51:45.744] [Game] [info] [Make Market at (32381.0,32215.0,7.0) used command] /r
[2025-09-17 13:51:52.892] [Game] [info] [Make Market at (32388.0,32210.0,7.0) used command] /a 10
[2025-09-17 13:52:02.972] [Game] [info] [Make Market at (32395.0,32204.0,7.0) used command] /a 5
[2025-09-17 13:52:16.168] [Game] [info] [Make Market at (32400.0,32204.0,7.0) used command] /m demon
[2025-09-17 13:54:09.045] [Game] [info] Make Market has logged out from IP 0.0.0.0.
[2025-09-17 13:54:50.060] [Game] [info] Make Market has logged in from IP 191.19.139.199.
[2025-09-17 13:54:54.109] [Game] [info] [Make Market at (32402.0,32204.0,7.0) used command] /a 5
[2025-09-17 13:54:57.461] [Game] [info] [Make Market at (32407.0,32204.0,7.0) used command] /u
[2025-09-17 13:55:00.185] [Game] [info] [Make Market at (32407.0,32204.0,6.0) used command] /a 2
[2025-09-17 13:55:02.909] [Game] [info] [Make Market at (32411.0,32205.0,6.0) used command] /r
[2025-09-17 13:55:02.909] [Game] [info] Very Krazy has logged out from IP 191.19.139.199.
[2025-09-17 13:55:06.548] [Game] [info] Manolo Man has logged in from IP 191.19.139.199.
[2025-09-17 13:56:03.621] [Game] [info] [Make Market at (32411.0,32205.0,6.0) used command] /i Celestial Wand
[2025-09-17 13:56:43.761] [Game] [info] [Make Market at (32097.0,32205.0,7.0) used command] /i fire sword
[2025-09-17 13:57:03.545] [Game] [info] [Make Market at (32092.0,32204.0,7.0) used command] /a 20
[2025-09-17 13:57:04.617] [Game] [info] [Make Market at (32092.0,32184.0,7.0) used command] /a 20
[2025-09-17 13:57:05.337] [Game] [info] [Make Market at (32092.0,32164.0,7.0) used command] /a 20
[2025-09-17 13:57:10.109] [Game] [info] [Make Market at (32093.0,32143.0,7.0) used command] /c Manolo Man
[2025-09-17 13:58:06.981] [Game] [info] [Make Market at (32093.0,32143.0,7.0) used command] /a 20
[2025-09-17 13:58:07.981] [Game] [info] [Make Market at (32093.0,32163.0,7.0) used command] /a 20
[2025-09-17 13:58:13.889] [Game] [info] [Make Market at (32092.0,32189.0,7.0) used command] /a 3
[2025-09-17 13:58:18.961] [Game] [info] [Make Market at (32099.0,32191.0,6.0) used command] /a 3
[2025-09-17 13:58:21.441] [Game] [info] [Make Market at (32102.0,32191.0,6.0) used command] /c Manolo Man
[2025-09-17 13:59:06.809] [Game] [info] [Make Market at (32102.0,32191.0,6.0) used command] /t
[2025-09-17 13:59:38.245] [Game] [info] [Make Market at (32369.0,32240.0,7.0) used command] /addSkill Manolo Man, level, 50
[2025-09-17 14:00:00.617] [Game] [info] [Make Market at (32369.0,32241.0,7.0) used command] /addSkill Manolo Man, magic, 50
[2025-09-17 14:00:19.232] [Game] [info] Make Market has logged out from IP 0.0.0.0.
[2025-09-17 14:00:25.880] [Game] [info] Make Market has logged in from IP 191.19.139.199.
[2025-09-17 14:00:44.249] [Game] [info] [Make Market at (32369.0,32241.0,7.0) used command] /i crystal coin, 100
[2025-09-17 14:10:37.177] [Game] [info] [Make Market at (32411.0,32205.0,6.0) used command] /r
[2025-09-17 14:10:37.177] [Game] [info] Manolo Man has logged out from IP 191.19.139.199.
[2025-09-17 14:10:41.349] [Game] [info] Very Krazy has logged in from IP 191.19.139.199.
[2025-09-17 14:13:06.097] [Game] [info] [Make Market at (32401.0,32204.0,7.0) used command] /m dragon lord
[2025-09-17 14:13:45.081] [Game] [info] [Make Market at (32401.0,32204.0,7.0) used command] /m dragon lord
[2025-09-17 14:14:23.345] [Game] [info] [Make Market at (32401.0,32204.0,7.0) used command] /m frost dragon
[2025-09-17 14:15:09.558] [Game] [info] Very Krazy died in ( 32399 / 32207 / 007 )
[2025-09-17 14:15:09.558] [Game] [info] Very Krazy has logged out from IP 191.19.139.199.
[2025-09-17 14:15:15.288] [Game] [info] Very Krazy has logged in from IP 191.19.139.199.
[2025-09-17 14:15:20.116] [Game] [info] [Make Market at (32401.0,32205.0,7.0) used command] /a 2
[2025-09-17 14:15:26.581] [Game] [info] [Make Market at (32401.0,32207.0,7.0) used command] /c Very Krazy
[2025-09-17 14:15:58.848] [Game] [info] [Make Market at (32401.0,32207.0,7.0) used command] /a 23
[2025-09-17 14:16:04.281] [Game] [info] [Make Market at (32399.0,32184.0,7.0) used command] /a 23
[2025-09-17 14:16:06.929] [Game] [info] [Make Market at (32399.0,32207.0,7.0) used command] /a 2
[2025-09-17 14:16:52.174] [Game] [info] [Make Market at (32400.0,32204.0,7.0) used command] /m Ancient Scarab
[2025-09-17 14:16:53.898] [Game] [info] [Make Market at (32400.0,32204.0,7.0) used command] /m Ancient Scarab
[2025-09-17 14:16:54.962] [Game] [info] [Make Market at (32400.0,32204.0,7.0) used command] /m Ancient Scarab
[2025-09-17 14:16:56.030] [Game] [info] [Make Market at (32400.0,32204.0,7.0) used command] /m Ancient Scarab
[2025-09-17 14:18:17.206] [Game] [info] [Make Market at (32399.0,32205.0,7.0) used command] /m Barbarian Bloodwalker
[2025-09-17 14:18:18.406] [Game] [info] [Make Market at (32399.0,32205.0,7.0) used command] /m Barbarian Bloodwalker
[2025-09-17 14:18:19.110] [Game] [info] [Make Market at (32399.0,32205.0,7.0) used command] /m Barbarian Bloodwalker
[2025-09-17 14:18:20.298] [Game] [info] [Make Market at (32399.0,32205.0,7.0) used command] /m Barbarian Bloodwalker
[2025-09-17 14:19:56.142] [Game] [info] [Make Market at (32400.0,32204.0,7.0) used command] /m Behemoth
[2025-09-17 14:19:57.202] [Game] [info] [Make Market at (32400.0,32204.0,7.0) used command] /m Behemoth
[2025-09-17 14:21:22.834] [Game] [info] [Make Market at (32399.0,32204.0,7.0) used command] /m Black Knight
[2025-09-17 14:21:23.730] [Game] [info] [Make Market at (32399.0,32204.0,7.0) used command] /m Black Knight
[2025-09-17 14:21:24.506] [Game] [info] [Make Market at (32399.0,32204.0,7.0) used command] /m Black Knight
[2025-09-17 14:21:25.114] [Game] [info] [Make Market at (32399.0,32204.0,7.0) used command] /m Black Knight
[2025-09-17 14:21:25.842] [Game] [info] [Make Market at (32399.0,32204.0,7.0) used command] /m Black Knight
[2025-09-17 14:24:29.890] [Game] [info] [Make Market at (32399.0,32203.0,7.0) used command] /m Caiman
[2025-09-17 14:24:31.182] [Game] [info] [Make Market at (32399.0,32203.0,7.0) used command] /m Caiman
[2025-09-17 14:27:43.877] [Game] [info] [Make Market at (32399.0,32203.0,7.0) used command] /m hydra
[2025-09-17 14:28:25.877] [Game] [info] [Make Market at (32402.0,32203.0,7.0) used command] /m hydra
[2025-09-17 14:28:26.877] [Game] [info] [Make Market at (32402.0,32203.0,7.0) used command] /m hydra
[2025-09-17 14:30:53.606] [Game] [info] [Make Market at (32399.0,32203.0,7.0) used command] /m Frozemoth
[2025-09-17 14:30:55.222] [Game] [info] [Make Market at (32399.0,32203.0,7.0) used command] /m Frozemoth
[2025-09-17 14:30:57.494] [Game] [info] [Make Market at (32399.0,32203.0,7.0) used command] /m Frozemoth
[2025-09-17 14:32:04.872] [Game] [info] [Make Market at (32399.0,32203.0,7.0) used command] /m Menace Tortoise
[2025-09-17 14:32:33.159] [Game] [info] [Make Market at (32399.0,32203.0,7.0) used command] /m Novice Pumpkinhead
[2025-09-17 14:32:34.527] [Game] [info] [Make Market at (32399.0,32203.0,7.0) used command] /m Novice Pumpkinhead
[2025-09-17 14:33:08.503] [Game] [info] [Make Market at (32399.0,32204.0,7.0) used command] /m Ogre Gruntz
[2025-09-17 14:33:09.751] [Game] [info] [Make Market at (32399.0,32204.0,7.0) used command] /m Ogre Gruntz
[2025-09-17 14:33:18.844] [Game] [info] [Make Market at (32399.0,32204.0,7.0) used command] /m Ogre Smasher
[2025-09-17 14:34:20.830] [Game] [info] [Make Market at (32399.0,32204.0,7.0) used command] /m Rahemos
[2025-09-17 14:35:44.982] [Game] [info] [Make Market at (32401.0,32204.0,7.0) used command] /r
[2025-09-17 14:35:56.946] [Game] [info] [Make Market at (32400.0,32204.0,7.0) used command] /m Serpent Spawn
[2025-09-17 14:40:38.173] [Game] [info] Very Krazy has logged out from IP 0.0.0.0.
[2025-09-17 14:40:45.181] [Game] [info] Make Market has logged out from IP 0.0.0.0.
[2025-09-17 15:53:28.372] [Game] [info] GM Violet has logged in from IP 191.19.139.199.
[2025-09-17 15:53:32.230] [Game] [info] [GM Violet at (32874.0,31924.0,8.0) used command] /i blank rune
[2025-09-17 16:54:57.013] [Game] [info] [GM Violet at (32874.0,31924.0,8.0) used command] /save
[2025-09-17 16:54:57.013] [Game] [info] Saving game...
[2025-09-17 16:54:58.709] [Game] [info] GM Violet has logged out from IP 191.19.139.199.
[2025-09-17 16:54:58.715] [Game] [info] Saving game...
[2025-09-17 16:54:59.044] [Game] [info] Shutting down...
[2025-09-17 16:54:59.046] [Game] [info] Shutdown complete.
[2025-09-17 16:55:12.981] [Game] [info] =========================> GAME LOG <=========================
[2025-09-17 17:48:43.271] [Game] [info] Saving game...
[2025-09-17 17:48:43.621] [Game] [info] Shutting down...
[2025-09-17 17:48:43.623] [Game] [info] Shutdown complete.
[2025-09-17 17:48:52.475] [Game] [info] =========================> GAME LOG <=========================
[2025-09-17 17:54:21.472] [Game] [info] Manolo Man has logged in from IP 191.19.139.199.
[2025-09-17 17:55:44.638] [Game] [info] GM Violet has logged in from IP 191.19.139.199.
[2025-09-17 17:57:43.911] [Game] [info] Make Market has logged in from IP 191.19.139.199.
[2025-09-17 17:57:57.408] [Game] [info] [Make Market at (32401.0,32205.0,7.0) used command] /m DRAGON LORD
[2025-09-17 18:00:06.380] [Game] [info] [Make Market at (32398.0,32203.0,7.0) used command] /a 2
[2025-09-17 18:00:08.517] [Game] [info] [Make Market at (32400.0,32203.0,7.0) used command] /a 2
[2025-09-17 18:00:15.828] [Game] [info] [Make Market at (32401.0,32202.0,7.0) used command] /a 21
[2025-09-17 18:00:18.612] [Game] [info] [Make Market at (32380.0,32202.0,7.0) used command] /a 21
[2025-09-17 18:00:21.264] [Game] [info] [Make Market at (32401.0,32202.0,7.0) used command] /a 2
[2025-09-17 18:00:33.616] [Game] [info] [Make Market at (32398.0,32205.0,7.0) used command] /a 2
[2025-09-17 18:00:34.592] [Game] [info] [Make Market at (32400.0,32205.0,7.0) used command] /a 2
[2025-09-17 18:00:40.500] [Game] [info] [Make Market at (32402.0,32205.0,7.0) used command] /a 2
[2025-09-17 18:01:02.888] [Game] [info] [Make Market at (32399.0,32203.0,7.0) used command] /a 2
[2025-09-17 18:01:04.496] [Game] [info] [Make Market at (32399.0,32205.0,7.0) used command] /a 2
[2025-09-17 18:01:09.544] [Game] [info] [Make Market at (32402.0,32205.0,7.0) used command] /a 1
[2025-09-17 18:01:16.180] [Game] [info] [Make Market at (32402.0,32204.0,7.0) used command] /m DRAGON LORD
[2025-09-17 18:01:24.015] [Game] [info] Manolo Man died in ( 32399 / 32209 / 007 )
[2025-09-17 18:01:24.016] [Game] [info] Manolo Man has logged out from IP 191.19.139.199.
[2025-09-17 18:01:27.812] [Game] [info] Manolo Man has logged in from IP 191.19.139.199.
[2025-09-17 18:09:10.216] [Game] [info] [Make Market at (32402.0,32204.0,7.0) used command] /i Blazefury Orb, 100
[2025-09-17 18:09:47.396] [Game] [info] [Make Market at (32402.0,32204.0,7.0) used command] /i Frostbane Wand
[2025-09-17 18:10:08.412] [Game] [info] [Make Market at (32402.0,32204.0,7.0) used command] /i Frostbane Wand
[2025-09-17 18:10:08.868] [Game] [info] [Make Market at (32402.0,32204.0,7.0) used command] /i Frostbane Wand
[2025-09-17 18:10:09.357] [Game] [info] [Make Market at (32402.0,32204.0,7.0) used command] /i Frostbane Wand
[2025-09-17 18:11:44.632] [Game] [info] [Make Market at (32402.0,32204.0,7.0) used command] /i CRYSTAL COIN
[2025-09-17 18:11:48.200] [Game] [info] [Make Market at (32402.0,32204.0,7.0) used command] /i CRYSTAL COIN, 100
[2025-09-17 18:11:49.152] [Game] [info] [Make Market at (32402.0,32204.0,7.0) used command] /i CRYSTAL COIN, 100
[2025-09-17 18:11:49.624] [Game] [info] [Make Market at (32402.0,32204.0,7.0) used command] /i CRYSTAL COIN, 100
[2025-09-17 18:14:07.628] [Game] [info] [Make Market at (32402.0,32204.0,7.0) used command] /addSkill Manolo Man, level, 10
[2025-09-17 18:14:13.276] [Game] [info] [Make Market at (32402.0,32204.0,7.0) used command] /addSkill Manolo Man, level, 10
[2025-09-17 18:18:54.788] [Game] [info] [Make Market at (32402.0,32204.0,7.0) used command] /i Ravenor Shield
[2025-09-17 18:19:20.701] [Game] [info] [Make Market at (32401.0,32205.0,7.0) used command] /i Tidebound Orb, 100
[2025-09-17 18:20:31.240] [Game] [info] [Make Market at (32401.0,32205.0,7.0) used command] /m dragon lord
[2025-09-17 18:21:37.544] [Game] [info] [Make Market at (32399.0,32205.0,7.0) used command] /m dragon lord
[2025-09-17 18:23:05.760] [Game] [info] [Make Market at (32399.0,32204.0,7.0) used command] /i Ring Of The Sky
[2025-09-17 18:27:05.969] [Game] [info] [Make Market at (32400.0,32205.0,7.0) used command] /i cyclops
[2025-09-17 18:27:12.361] [Game] [info] [Make Market at (32400.0,32205.0,7.0) used command] /m cyclops
[2025-09-17 18:27:13.293] [Game] [info] [Make Market at (32400.0,32205.0,7.0) used command] /m cyclops
[2025-09-17 18:27:13.810] [Game] [info] [Make Market at (32400.0,32205.0,7.0) used command] /m cyclops
[2025-09-17 18:27:14.565] [Game] [info] [Make Market at (32400.0,32205.0,7.0) used command] /m cyclops
[2025-09-17 18:27:15.033] [Game] [info] [Make Market at (32400.0,32205.0,7.0) used command] /m cyclops
[2025-09-17 18:28:18.681] [Game] [info] [Make Market at (32400.0,32205.0,7.0) used command] /i Solara's Wand
[2025-09-17 18:28:25.842] [Game] [info] [Make Market at (32400.0,32205.0,7.0) used command] /i Tidebound Orb, 100
[2025-09-17 18:28:31.081] [Game] [info] [Make Market at (32400.0,32205.0,7.0) used command] /i Tidebound Orb, 100
[2025-09-17 18:28:38.725] [Game] [info] [Make Market at (32400.0,32205.0,7.0) used command] /i Blazefury Orb, 100
[2025-09-17 18:31:08.840] [Game] [info] [Make Market at (32400.0,32205.0,7.0) used command] /i Sacred Bow
[2025-09-17 18:31:09.717] [Game] [info] [Make Market at (32400.0,32205.0,7.0) used command] /i Sacred Bow
[2025-09-17 18:31:10.236] [Game] [info] [Make Market at (32400.0,32205.0,7.0) used command] /i Sacred Bow
[2025-09-17 18:31:42.884] [Game] [info] [Make Market at (32400.0,32205.0,7.0) used command] /i Bloodfang Bolt Quiver
[2025-09-17 18:31:43.809] [Game] [info] [Make Market at (32400.0,32205.0,7.0) used command] /i Bloodfang Bolt Quiver
[2025-09-17 18:31:44.264] [Game] [info] [Make Market at (32400.0,32205.0,7.0) used command] /i Bloodfang Bolt Quiver
[2025-09-17 18:34:00.833] [Game] [info] [Make Market at (32400.0,32205.0,7.0) used command] /i crystal coin, 10
[2025-09-17 18:34:02.960] [Game] [info] [Make Market at (32400.0,32205.0,7.0) used command] /i crystal coin, 100
[2025-09-17 18:34:03.820] [Game] [info] [Make Market at (32400.0,32205.0,7.0) used command] /i crystal coin, 100
[2025-09-17 18:34:08.544] [Game] [info] [Make Market at (32400.0,32205.0,7.0) used command] /i crystal coin, 100
[2025-09-17 18:34:17.377] [Game] [info] [Make Market at (32400.0,32205.0,7.0) used command] /i Blazefury Orb, 100
[2025-09-17 18:34:18.764] [Game] [info] [Make Market at (32400.0,32205.0,7.0) used command] /i Blazefury Orb, 100
[2025-09-17 18:34:45.536] [Game] [info] [Make Market at (32400.0,32205.0,7.0) used command] /i Sacred Bow
[2025-09-17 18:34:46.112] [Game] [info] [Make Market at (32400.0,32205.0,7.0) used command] /i Sacred Bow
[2025-09-17 18:34:46.644] [Game] [info] [Make Market at (32400.0,32205.0,7.0) used command] /i Sacred Bow
[2025-09-17 18:36:06.023] [Game] [info] [Make Market at (32400.0,32205.0,7.0) used command] /i Sacred Bow
[2025-09-17 18:36:06.643] [Game] [info] [Make Market at (32400.0,32205.0,7.0) used command] /i Sacred Bow
[2025-09-17 18:36:07.319] [Game] [info] [Make Market at (32400.0,32205.0,7.0) used command] /i Sacred Bow
[2025-09-17 18:36:08.983] [Game] [info] [Make Market at (32400.0,32205.0,7.0) used command] /i Blazefury Orb, 100
[2025-09-17 18:36:09.655] [Game] [info] [Make Market at (32400.0,32205.0,7.0) used command] /i Blazefury Orb, 100
[2025-09-17 18:36:12.595] [Game] [info] [Make Market at (32400.0,32205.0,7.0) used command] /i crystal coin, 100
[2025-09-17 18:36:13.283] [Game] [info] [Make Market at (32400.0,32205.0,7.0) used command] /i crystal coin, 100
[2025-09-17 18:38:32.927] [Game] [info] [Make Market at (32400.0,32205.0,7.0) used command] /i Burst Arrow
[2025-09-17 18:39:08.739] [Game] [info] Manolo Man has logged out from IP 191.19.139.199.
[2025-09-17 18:39:08.744] [Game] [info] Make Market has logged out from IP 191.19.139.199.
[2025-09-17 18:39:08.748] [Game] [info] GM Violet has logged out from IP 191.19.139.199.
[2025-09-17 18:39:08.751] [Game] [info] Saving game...
[2025-09-17 18:39:09.107] [Game] [info] Shutting down...
[2025-09-17 18:39:09.109] [Game] [info] Shutdown complete.
[2025-09-17 18:39:37.489] [Game] [info] =========================> GAME LOG <=========================
[2025-09-17 18:40:37.630] [Game] [info] GM Violet has logged in from IP 191.19.139.199.
[2025-09-17 18:41:25.932] [Game] [info] Make Market has logged in from IP 191.19.139.199.
[2025-09-17 18:41:29.463] [Game] [info] Make Market has logged out from IP 0.0.0.0.
[2025-09-17 18:41:38.442] [Game] [info] Manolo Man has logged in from IP 191.19.139.199.
[2025-09-17 18:42:46.968] [Game] [info] Make Market has logged in from IP 191.19.139.199.
[2025-09-17 18:43:15.354] [Game] [info] [Make Market at (32400.0,32205.0,7.0) used command] /a 20
[2025-09-17 18:43:16.998] [Game] [info] [Make Market at (32400.0,32225.0,7.0) used command] /a 20
[2025-09-17 18:43:19.162] [Game] [info] [Make Market at (32380.0,32225.0,7.0) used command] /a 20
[2025-09-17 18:43:23.310] [Game] [info] [Make Market at (32400.0,32225.0,7.0) used command] /a 20
[2025-09-17 18:43:24.446] [Game] [info] [Make Market at (32380.0,32225.0,7.0) used command] /a 20
[2025-09-17 18:43:26.922] [Game] [info] [Make Market at (32360.0,32225.0,7.0) used command] /a 5
[2025-09-17 18:43:29.494] [Game] [info] [Make Market at (32366.0,32226.0,7.0) used command] /a 5
[2025-09-17 18:43:30.814] [Game] [info] [Make Market at (32371.0,32226.0,7.0) used command] /a 5
[2025-09-17 18:43:31.410] [Game] [info] [Make Market at (32371.0,32231.0,7.0) used command] /a 5
[2025-09-17 18:43:31.898] [Game] [info] [Make Market at (32371.0,32236.0,7.0) used command] /a 5
[2025-09-17 18:44:28.698] [Game] [info] [Make Market at (32215.0,32216.0,5.0) used command] /i Sacred Arrow Quiver
[2025-09-17 18:44:29.966] [Game] [info] [Make Market at (32215.0,32216.0,5.0) used command] /i Sacred Arrow Quiver
[2025-09-17 18:44:30.466] [Game] [info] [Make Market at (32215.0,32216.0,5.0) used command] /i Sacred Arrow Quiver
[2025-09-17 18:44:45.706] [Game] [info] [Make Market at (32401.0,32207.0,7.0) used command] /a 2
[2025-09-17 18:46:46.238] [Game] [info] [Make Market at (32401.0,32205.0,7.0) used command] /i bust arrow
[2025-09-17 18:47:01.810] [Game] [info] [Make Market at (32401.0,32205.0,7.0) used command] /i Burst Arrow
[2025-09-17 18:47:16.798] [Game] [info] Make Market has logged out from IP 191.19.139.199.
[2025-09-17 18:47:16.804] [Game] [info] Manolo Man has logged out from IP 191.19.139.199.
[2025-09-17 18:47:16.808] [Game] [info] GM Violet has logged out from IP 191.19.139.199.
[2025-09-17 18:47:16.812] [Game] [info] Saving game...
[2025-09-17 18:47:17.137] [Game] [info] Shutting down...
[2025-09-17 18:47:17.139] [Game] [info] Shutdown complete.
[2025-09-17 18:47:24.703] [Game] [info] =========================> GAME LOG <=========================
[2025-09-17 18:49:40.187] [Game] [info] Make Market has logged in from IP 191.19.139.199.
[2025-09-17 18:49:43.252] [Game] [info] Manolo Man has logged in from IP 191.19.139.199.
[2025-09-17 18:49:58.133] [Game] [info] [Make Market at (32401.0,32205.0,7.0) used command] /m dragon
[2025-09-17 18:50:32.433] [Game] [info] [Make Market at (32401.0,32205.0,7.0) used command] /m dragon
[2025-09-17 18:50:45.201] [Game] [info] [Make Market at (32401.0,32205.0,7.0) used command] /i Burst Arrow
[2025-09-17 18:50:47.449] [Game] [info] [Make Market at (32401.0,32205.0,7.0) used command] /m dragon
[2025-09-17 18:50:48.057] [Game] [info] [Make Market at (32401.0,32205.0,7.0) used command] /m dragon
[2025-09-17 18:50:48.681] [Game] [info] [Make Market at (32401.0,32205.0,7.0) used command] /m dragon
[2025-09-17 18:51:28.429] [Game] [info] [Make Market at (32401.0,32205.0,7.0) used command] /m cyclops
[2025-09-17 18:51:29.209] [Game] [info] [Make Market at (32401.0,32205.0,7.0) used command] /m cyclops
[2025-09-17 18:51:29.833] [Game] [info] [Make Market at (32401.0,32205.0,7.0) used command] /m cyclops
[2025-09-17 18:51:31.297] [Game] [info] [Make Market at (32401.0,32205.0,7.0) used command] /i Burst Arrow
[2025-09-17 18:51:31.725] [Game] [info] [Make Market at (32401.0,32205.0,7.0) used command] /i Burst Arrow
[2025-09-17 18:52:03.097] [Game] [info] [Make Market at (32401.0,32205.0,7.0) used command] /i bow
[2025-09-17 18:52:52.665] [Game] [info] [Make Market at (32400.0,32205.0,7.0) used command] /a
[2025-09-17 18:52:55.985] [Game] [info] [Make Market at (32400.0,32205.0,7.0) used command] /a 1
[2025-09-17 18:52:58.069] [Game] [info] [Make Market at (32400.0,32206.0,7.0) used command] /r
[2025-09-17 18:52:58.069] [Game] [info] Manolo Man has logged out from IP 191.19.139.199.
[2025-09-17 18:53:03.108] [Game] [info] Very Krazy has logged in from IP 191.19.139.199.
[2025-09-17 18:54:05.541] [Game] [info] [Make Market at (32400.0,32204.0,7.0) used command] /m dragon
[2025-09-17 18:54:06.201] [Game] [info] [Make Market at (32400.0,32204.0,7.0) used command] /m dragon
[2025-09-17 18:54:06.705] [Game] [info] [Make Market at (32400.0,32204.0,7.0) used command] /m dragon
[2025-09-17 18:54:07.129] [Game] [info] [Make Market at (32400.0,32204.0,7.0) used command] /m dragon
[2025-09-17 18:54:07.545] [Game] [info] [Make Market at (32400.0,32204.0,7.0) used command] /m dragon
[2025-09-17 18:54:07.965] [Game] [info] [Make Market at (32400.0,32204.0,7.0) used command] /m dragon
[2025-09-17 18:54:08.405] [Game] [info] [Make Market at (32400.0,32204.0,7.0) used command] /m dragon
[2025-09-17 18:54:08.889] [Game] [info] [Make Market at (32400.0,32204.0,7.0) used command] /m dragon
[2025-09-17 18:54:09.345] [Game] [info] [Make Market at (32400.0,32204.0,7.0) used command] /m dragon
[2025-09-17 18:54:09.709] [Game] [info] [Make Market at (32400.0,32204.0,7.0) used command] /m dragon
[2025-09-17 18:54:10.795] [Game] [info] Very Krazy died in ( 32400 / 32207 / 007 )
[2025-09-17 18:54:10.795] [Game] [info] Very Krazy has logged out from IP 191.19.139.199.
[2025-09-17 18:54:15.858] [Game] [info] Very Krazy has logged in from IP 191.19.139.199.
[2025-09-17 18:54:25.893] [Game] [info] [Make Market at (32400.0,32204.0,7.0) used command] /a 10
[2025-09-17 18:54:29.353] [Game] [info] [Make Market at (32409.0,32204.0,7.0) used command] /c Very Krazy
[2025-09-17 18:55:38.669] [Game] [info] [Make Market at (32405.0,32207.0,7.0) used command] /r
[2025-09-17 18:55:38.669] [Game] [info] Very Krazy has logged out from IP 191.19.139.199.
[2025-09-17 18:55:42.113] [Game] [info] Manolo Man has logged in from IP 191.19.139.199.
[2025-09-17 18:56:12.085] [Game] [info] [Make Market at (32405.0,32207.0,7.0) used command] /r
[2025-09-17 18:56:12.085] [Game] [info] Manolo Man has logged out from IP 191.19.139.199.
[2025-09-17 18:56:13.629] [Game] [info] Very Krazy has logged in from IP 191.19.139.199.
[2025-09-17 18:57:39.835] [Game] [info] Very Krazy has logged out from IP 0.0.0.0.
[2025-09-17 18:57:41.842] [Game] [info] Make Market has logged out from IP 0.0.0.0.
[2025-09-17 18:58:54.761] [Game] [info] Saving game...
[2025-09-17 18:58:55.107] [Game] [info] Shutting down...
[2025-09-17 18:58:55.110] [Game] [info] Shutdown complete.
[2025-09-17 18:59:02.440] [Game] [info] =========================> GAME LOG <=========================
[2025-09-17 19:04:24.534] [Game] [info] GM Violet has logged in from IP 191.19.139.199.
[2025-09-17 19:04:38.231] [Game] [info] GM Violet has logged out from IP 0.0.0.0.
[2025-09-18 13:39:33.394] [Game] [info] =========================> GAME LOG <=========================
[2025-09-18 13:52:30.458] [Game] [info] GM Violet has logged in from IP 191.19.139.199.
[2025-09-18 13:55:11.661] [Game] [info] [GM Violet at (32874.0,31924.0,8.0) used command] /reload config
[2025-09-18 13:59:32.930] [Game] [info] [GM Violet at (32834.0,32292.0,15.0) used command] /town thais
[2025-09-18 14:01:01.152] [Game] [info] [GM Violet at (32369.0,32230.0,7.0) used command] /m demon
[2025-09-18 14:18:54.985] [Game] [info] GM Violet has logged out from IP 191.19.139.199.
[2025-09-18 14:18:54.994] [Game] [info] Saving game...
[2025-09-18 14:18:55.325] [Game] [info] Shutting down...
[2025-09-18 14:18:55.328] [Game] [info] Shutdown complete.
[2025-10-06 17:45:10.492] [Game] [info] =========================> GAME LOG <=========================
[2025-10-06 17:46:14.176] [Game] [info] GM Violet has logged in from IP 177.76.247.3.
[2025-10-06 17:49:43.218] [Game] [info] GM Violet has logged out from IP 177.76.247.3.
[2025-10-06 17:49:43.224] [Game] [info] Saving game...
[2025-10-06 17:49:43.624] [Game] [info] Shutting down...
[2025-10-06 17:49:43.627] [Game] [info] Shutdown complete.
[2025-10-14 23:29:44.010] [Game] [info] =========================> GAME LOG <=========================
[2025-10-14 23:31:56.893] [Game] [info] =========================> GAME LOG <=========================
[2025-10-14 23:33:39.021] [Game] [info] Broadcasted: Many agressive beasts are roaming south of Ab'Dendriel! Take care!
[2025-10-14 23:39:10.046] [Game] [info] Broadcasted: Rat plague in Thais!
[2025-10-15 01:16:52.660] [Game] [info] Ricardo has logged in from IP 186.227.227.14.
[2025-10-15 01:35:38.241] [Game] [info] Ricardo has logged out from IP 186.227.227.14.
[2025-10-16 14:03:40.924] [Game] [info] =========================> GAME LOG <=========================
[2025-10-17 16:09:36.379] [Game] [info] =========================> GAME LOG <=========================
[2025-10-17 16:47:05.356] [Game] [info] Saving game...
[2025-10-17 16:47:06.234] [Game] [info] Shutting down...
[2025-10-17 16:47:06.235] [Game] [info] Shutdown complete.
[2025-10-17 16:47:45.437] [Game] [info] =========================> GAME LOG <=========================
[2025-10-17 16:49:31.165] [Game] [info] Saving game...
[2025-10-17 16:49:31.613] [Game] [info] Shutting down...
[2025-10-17 16:49:31.614] [Game] [info] Shutdown complete.
[2025-10-17 16:49:37.650] [Game] [info] =========================> GAME LOG <=========================
[2025-10-17 16:52:06.589] [Game] [info] Saving game...
[2025-10-17 16:52:07.411] [Game] [info] Shutting down...
[2025-10-17 16:52:07.413] [Game] [info] Shutdown complete.
[2025-10-17 16:52:20.816] [Game] [info] =========================> GAME LOG <=========================
[2025-10-17 16:56:43.508] [Game] [info] Saving game...
[2025-10-17 16:56:44.163] [Game] [info] Shutting down...
[2025-10-17 16:56:44.164] [Game] [info] Shutdown complete.
[2025-10-17 16:56:50.081] [Game] [info] =========================> GAME LOG <=========================
[2025-10-17 16:57:24.724] [Game] [info] ADM Homero has logged in from IP 179.228.106.254.
[2025-10-17 18:32:20.800] [Game] [info] ADM Homero has logged out from IP 0.0.0.0.
[2025-10-17 18:32:24.305] [Game] [info] ADM Homero has logged in from IP 179.228.106.254.
[2025-10-17 18:41:30.629] [Game] [info] ADM Homero has logged out from IP 0.0.0.0.
[2025-10-22 06:15:15.873] [Game] [info] Broadcasted: Rat plague in Thais!
[2025-10-22 18:45:37.427] [Game] [info] ADM Homero has logged in from IP 191.30.170.47.
[2025-10-22 18:45:46.464] [Game] [info] [ADM Homero at (32097.0,32216.0,7.0) used command] /i 5113
[2025-10-22 18:47:30.454] [Game] [info] [ADM Homero at (32097.0,32216.0,7.0) used command] /i 5162
[2025-10-22 18:47:40.788] [Game] [info] [ADM Homero at (32097.0,32216.0,7.0) used command] /town thais
[2025-10-22 18:48:24.216] [Game] [info] [ADM Homero at (32348.0,32210.0,7.0) used command] /i 5163
[2025-10-22 18:49:38.976] [Game] [info] [ADM Homero at (32347.0,32210.0,7.0) used command] /i 5164
[2025-10-22 18:49:57.080] [Game] [info] [ADM Homero at (32346.0,32210.0,7.0) used command] /a 3
[2025-10-22 18:49:57.918] [Game] [info] [ADM Homero at (32343.0,32210.0,7.0) used command] /a 3
[2025-10-22 18:50:05.085] [Game] [info] [ADM Homero at (32340.0,32210.0,7.0) used command] /owner adm homero
[2025-10-22 20:59:31.759] [Game] [info] ADM Homero has logged out from IP 0.0.0.0.
[2025-10-28 21:15:34.082] [Game] [info] ADM Homero has logged in from IP 191.30.162.238.
[2025-10-28 21:20:55.127] [Game] [info] ADM Homero has logged out from IP 0.0.0.0.
[2025-10-28 22:39:58.651] [Game] [info] ADM Homero has logged in from IP 191.30.162.238.
[2025-10-28 22:57:42.510] [Game] [info] ADM Homero has logged out from IP 0.0.0.0.
[2025-10-30 14:10:23.855] [Game] [info] Kiel Fafonema has logged in from IP 177.8.34.131.
[2025-10-30 16:13:22.676] [Game] [info] Kiel Fafonema has logged out from IP 0.0.0.0.
[2025-10-30 20:38:10.640] [Game] [info] Kiel Fafonema has logged in from IP 177.8.34.131.
[2025-10-30 22:07:00.108] [Game] [info] Kiel Fafonema has logged out from IP 0.0.0.0.
[2025-11-03 12:21:20.103] [Game] [info] ADM Homero has logged in from IP 177.102.174.119.
[2026-03-25 14:06:47.762] [Game] [info] =========================> GAME LOG <=========================
[2026-03-25 14:08:42.740] [Game] [info] Broadcasted: Many agressive beasts are roaming south of Ab'Dendriel! Take care!
[2026-03-25 14:11:56.745] [Game] [info] Broadcasted: Unusual frequent scarab sightings at the gates of Ankrahmun.
[2026-03-25 14:17:59.762] [Game] [info] Broadcasted: Ancient scarabs are leading an attack on Ankrahmun.
[2026-03-25 14:20:10.804] [Game] [info] Broadcasted: Ancient scarabs are leading an attack on Ankrahmun.
[2026-03-25 14:22:11.807] [Game] [info] Broadcasted: Ancient scarabs are leading an attack on Ankrahmun.
[2026-03-25 14:28:04.768] [Game] [info] Broadcasted: Sightings of undead, west of Darashia! Imminent invasion is suspected!
[2026-03-25 14:35:53.800] [Game] [info] Broadcasted: The undead are attacking Darashia!
[2026-03-25 14:42:23.792] [Game] [info] Broadcasted: Rat plague in Thais!
[2026-03-25 15:14:24.813] [Game] [info] Broadcasted: Orc activity near Thais reported! Beware!
[2026-03-25 15:22:10.933] [Game] [info] Broadcasted: Thais is under attack!
[2026-03-25 15:24:44.821] [Game] [info] Broadcasted: Elven scouts from Shadowthorn have been spotted near Venore! Beware!
[2026-03-25 15:28:44.853] [Game] [info] Broadcasted: Venore is under attack!
[2026-03-25 17:50:24.783] [Game] [info] Saving game...
[2026-03-25 17:50:24.785] [Game] [info] [Error - Game::saveGameState] Failed to save account - level storage values.
[2026-03-25 17:50:26.159] [Game] [info] Shutting down...
[2026-03-25 17:50:26.163] [Game] [info] Shutdown complete.
[2026-03-26 11:45:08.577] [Game] [info] =========================> GAME LOG <=========================
[2026-03-26 11:47:06.195] [Game] [info] Broadcasted: Many agressive beasts are roaming south of Ab'Dendriel! Take care!
[2026-03-26 11:47:11.926] [Game] [info] Ricardo has logged in from IP 177.68.22.241.
[2026-03-26 11:47:28.459] [Game] [info] Ricardo has logged out from IP 0.0.0.0.
[2026-03-26 11:48:32.954] [Game] [info] Saving game...
[2026-03-26 11:48:33.312] [Game] [info] Shutting down...
[2026-03-26 11:48:33.315] [Game] [info] Shutdown complete.
[2026-03-26 11:50:33.046] [Game] [info] =========================> GAME LOG <=========================
[2026-03-26 11:51:13.549] [Game] [info] GM Guizao has logged in from IP 177.68.22.241.
[2026-03-26 11:51:25.648] [Game] [info] GM Guizao has logged out from IP 0.0.0.0.
[2026-03-26 11:51:26.808] [Game] [info] GM Guizao has logged in from IP 177.68.22.241.
[2026-03-26 11:52:30.403] [Game] [info] Broadcasted: Many agressive beasts are roaming south of Ab'Dendriel! Take care!
[2026-03-26 11:55:44.410] [Game] [info] Broadcasted: Unusual frequent scarab sightings at the gates of Ankrahmun.
[2026-03-26 12:01:47.417] [Game] [info] Broadcasted: Ancient scarabs are leading an attack on Ankrahmun.
[2026-03-26 12:03:58.439] [Game] [info] Broadcasted: Ancient scarabs are leading an attack on Ankrahmun.
[2026-03-26 12:04:53.853] [Game] [info] GM Guizao has logged out from IP 0.0.0.0.
[2026-03-26 12:04:58.649] [Game] [info] GM Guizao has logged in from IP 177.68.22.241.
[2026-03-26 12:05:59.443] [Game] [info] Broadcasted: Ancient scarabs are leading an attack on Ankrahmun.
[2026-03-26 12:06:51.809] [Game] [info] GM Guizao has logged out from IP 177.68.22.241.
[2026-03-26 12:06:51.815] [Game] [info] Saving game...
[2026-03-26 12:06:52.301] [Game] [info] Shutting down...
[2026-03-26 12:06:52.303] [Game] [info] Shutdown complete.
[2026-03-26 12:07:00.868] [Game] [info] =========================> GAME LOG <=========================
[2026-03-26 12:07:50.690] [Game] [info] GM Guizao has logged in from IP 177.68.22.241.
[2026-03-26 12:07:54.214] [Game] [info] GM Guizao has logged out from IP 0.0.0.0.
[2026-03-26 12:09:14.931] [Game] [info] Broadcasted: Sightings of undead, west of Darashia! Imminent invasion is suspected!
[2026-03-26 12:17:03.963] [Game] [info] Broadcasted: The undead are attacking Darashia!
[2026-03-26 12:23:33.955] [Game] [info] Broadcasted: Rat plague in Thais!
[2026-03-26 12:55:34.992] [Game] [info] Broadcasted: Orc activity near Thais reported! Beware!
[2026-03-26 13:03:21.151] [Game] [info] Broadcasted: Thais is under attack!
[2026-03-26 13:05:54.995] [Game] [info] Broadcasted: Elven scouts from Shadowthorn have been spotted near Venore! Beware!
[2026-03-26 13:09:55.023] [Game] [info] Broadcasted: Venore is under attack!
[2026-03-26 13:40:30.632] [Game] [info] GM Guizao has logged in from IP 177.68.22.241.
[2026-03-26 21:20:55.198] [Game] [info] GM Guizao has logged out from IP 0.0.0.0.
[2026-03-26 21:54:48.090] [Game] [info] Saving game...
[2026-03-26 21:54:48.585] [Game] [info] Shutting down...
[2026-03-26 21:54:48.591] [Game] [info] Shutdown complete.
[2026-03-26 21:55:03.136] [Game] [info] =========================> GAME LOG <=========================
[2026-03-27 11:14:21.350] [Game] [info] =========================> GAME LOG <=========================
[2026-03-27 11:15:39.594] [Game] [info] Make Market has logged in from IP 177.68.22.241.
[2026-03-27 11:15:42.071] [Game] [info] Make Market has logged out from IP 0.0.0.0.
[2026-03-27 11:15:55.268] [Game] [info] Ricardo has logged in from IP 177.68.22.241.
[2026-03-27 11:16:10.608] [Game] [info] Ricardo has logged out from IP 177.68.22.241.
[2026-03-27 11:16:10.614] [Game] [info] Saving game...
[2026-03-27 11:16:11.097] [Game] [info] Shutting down...
[2026-03-27 11:16:11.099] [Game] [info] Shutdown complete.
[2026-03-27 11:16:23.362] [Game] [info] =========================> GAME LOG <=========================
[2026-03-27 11:37:51.379] [Game] [info] Ricardo has logged in from IP 177.68.22.241.
[2026-03-27 11:38:41.948] [Game] [info] [Ricardo at (32367.0,32239.0,7.0) used command] /a 1
[2026-03-27 11:41:20.397] [Game] [info] Ricardo has logged out from IP 0.0.0.0.
[2026-03-27 11:41:23.879] [Game] [info] Ricardo has logged in from IP 177.68.22.241.
[2026-03-27 11:44:26.466] [Game] [info] Ricardo has logged out from IP 0.0.0.0.
[2026-03-27 11:44:30.095] [Game] [info] Ricardo has logged in from IP 177.68.22.241.
[2026-03-27 11:44:31.416] [Game] [info] [Ricardo at (32367.0,32236.0,7.0) used command] /i 5719
[2026-03-27 11:44:34.036] [Game] [info] [Ricardo at (32367.0,32236.0,7.0) used command] /i 2160
[2026-03-27 11:44:48.180] [Game] [info] [Ricardo at (32367.0,32236.0,7.0) used command] /i 5580
[2026-03-27 11:45:48.142] [Game] [info] [Ricardo at (32367.0,32236.0,7.0) used command] /i 5585
[2026-03-27 12:15:13.828] [Game] [info] Ricardo has logged out from IP 0.0.0.0.
[2026-03-27 12:15:49.993] [Game] [info] Saving game...
[2026-03-27 12:15:50.587] [Game] [info] Shutting down...
[2026-03-27 12:15:50.590] [Game] [info] Shutdown complete.
[2026-03-27 12:16:02.228] [Game] [info] =========================> GAME LOG <=========================
[2026-03-27 12:18:47.098] [Game] [info] Saving game...
[2026-03-27 12:18:47.597] [Game] [info] Shutting down...
[2026-03-27 12:18:47.599] [Game] [info] Shutdown complete.
[2026-03-27 12:36:10.037] [Game] [info] =========================> GAME LOG <=========================
[2026-03-27 12:39:47.666] [Game] [info] Saving game...
[2026-03-27 12:39:48.183] [Game] [info] Shutting down...
[2026-03-27 12:39:48.185] [Game] [info] Shutdown complete.
[2026-03-27 12:40:08.349] [Game] [info] =========================> GAME LOG <=========================
[2026-03-27 12:43:57.796] [Game] [info] Saving game...
[2026-03-27 12:43:58.274] [Game] [info] Shutting down...
[2026-03-27 12:43:58.276] [Game] [info] Shutdown complete.
[2026-03-27 12:44:06.348] [Game] [info] =========================> GAME LOG <=========================
[2026-03-27 12:48:01.936] [Game] [info] Ricardo has logged in from IP 177.68.22.241.
[2026-03-27 14:15:14.966] [Game] [info] [Ricardo at (32691.0,31598.0,14.0) used command] /m elf scout
[2026-03-27 14:16:01.354] [Game] [info] [Ricardo at (32691.0,31598.0,14.0) used command] /m crystal spider
[2026-03-27 14:16:43.840] [Game] [info] [Ricardo at (32691.0,31597.0,14.0) used command] /m spider
[2026-03-27 14:16:44.428] [Game] [info] [Ricardo at (32691.0,31597.0,14.0) used command] /m spider
[2026-03-27 14:16:44.868] [Game] [info] [Ricardo at (32691.0,31597.0,14.0) used command] /m spider
[2026-03-27 15:07:18.703] [Game] [info] Mondongo has logged in from IP 177.68.22.241.
[2026-03-27 15:29:56.130] [Game] [info] Mondongo has logged out from IP 177.68.22.241.
[2026-03-27 17:31:57.091] [Game] [info] [Ricardo at (32097.0,32206.0,7.0) used command] /m rat
[2026-03-27 18:00:52.449] [Game] [info] Mondongo has logged in from IP 177.68.22.241.
[2026-03-27 18:01:25.234] [Game] [info] [Ricardo at (32097.0,32206.0,7.0) used command] /m rat
[2026-03-27 18:01:25.798] [Game] [info] [Ricardo at (32097.0,32206.0,7.0) used command] /m rat
[2026-03-27 18:01:26.314] [Game] [info] [Ricardo at (32097.0,32206.0,7.0) used command] /m rat
[2026-03-27 18:02:32.556] [Game] [info] Mondongo has logged out from IP 177.68.22.241.
[2026-03-27 18:02:32.565] [Game] [info] Ricardo has logged out from IP 177.68.22.241.
[2026-03-27 18:02:32.569] [Game] [info] Saving game...
[2026-03-27 18:02:33.122] [Game] [info] Shutting down...
[2026-03-27 18:02:33.126] [Game] [info] Shutdown complete.
[2026-03-27 18:03:17.315] [Game] [info] =========================> GAME LOG <=========================
[2026-03-27 18:47:39.381] [Game] [info] Saving game...
[2026-03-27 18:47:39.945] [Game] [info] Shutting down...
[2026-03-27 18:47:39.951] [Game] [info] Shutdown complete.
[2026-03-27 18:48:13.242] [Game] [info] =========================> GAME LOG <=========================
[2026-03-27 18:54:49.209] [Game] [info] Ricardo has logged in from IP 177.68.22.241.
[2026-03-27 18:55:05.530] [Game] [info] [Ricardo at (32097.0,32206.0,7.0) used command] /m rat
[2026-03-27 18:55:41.082] [Game] [info] [Ricardo at (32095.0,32207.0,7.0) used command] /m spider
[2026-03-27 20:37:52.167] [Game] [info] Ricardo has logged out from IP 0.0.0.0.
[2026-03-30 17:08:02.504] [Game] [info] Ricardo has logged in from IP 177.68.22.241.
[2026-03-30 17:09:12.756] [Game] [info] Ricardo has logged out from IP 0.0.0.0.
[2026-03-30 19:18:22.512] [Game] [info] =========================> GAME LOG <=========================
[2026-03-30 19:36:46.751] [Game] [info] Saving game...
[2026-03-30 19:36:47.263] [Game] [info] Shutting down...
[2026-03-30 19:36:47.268] [Game] [info] Shutdown complete.
[2026-03-30 19:37:21.000] [Game] [info] =========================> GAME LOG <=========================
[2026-03-30 19:51:12.540] [Game] [info] Saving game...
[2026-03-30 19:51:13.103] [Game] [info] Shutting down...
[2026-03-30 19:51:13.108] [Game] [info] Shutdown complete.
[2026-03-30 19:54:53.338] [Game] [info] =========================> GAME LOG <=========================
[2026-03-30 20:11:25.064] [Game] [info] Saving game...
[2026-03-30 20:11:25.676] [Game] [info] Shutting down...
[2026-03-30 20:11:25.678] [Game] [info] Shutdown complete.
[2026-03-30 20:11:46.520] [Game] [info] =========================> GAME LOG <=========================
[2026-03-30 20:13:10.797] [Game] [info] Ricardo has logged in from IP 177.68.22.241.
[2026-03-30 20:14:47.047] [Game] [info] [Ricardo at (32096.0,32221.0,7.0) used command] /i 5903
[2026-03-30 20:14:55.151] [Game] [info] [Ricardo at (32096.0,32212.0,7.0) used command] /i 5903
[2026-03-30 20:14:57.199] [Game] [info] [Ricardo at (32097.0,32212.0,7.0) used command] /i 5903
[2026-03-30 20:16:06.898] [Game] [info] Ricardo has logged out from IP 0.0.0.0.
[2026-03-30 20:17:21.080] [Game] [info] Make Market has logged in from IP 177.68.22.241.
[2026-03-30 20:17:22.923] [Game] [info] Make Market has logged out from IP 0.0.0.0.
[2026-03-30 20:17:32.253] [Game] [info] Ricardo has logged in from IP 177.68.22.241.
[2026-03-30 20:18:11.747] [Game] [info] [Ricardo at (32099.0,32212.0,7.0) used command] /i 7516
[2026-03-30 20:18:18.595] [Game] [info] [Ricardo at (32098.0,32210.0,7.0) used command] /i 7516
[2026-03-30 20:18:51.151] [Game] [info] [Ricardo at (32097.0,32210.0,7.0) used command] /i 7710
[2026-03-30 20:36:14.126] [Game] [info] [Ricardo at (32096.0,32210.0,7.0) used command] /i 5602
[2026-03-30 20:36:28.242] [Game] [info] Ricardo has logged out from IP 0.0.0.0.
[2026-03-30 20:40:16.048] [Game] [info] Ricardo has logged in from IP 177.68.22.241.
[2026-03-30 20:40:43.339] [Game] [info] [Ricardo at (32098.0,32204.0,7.0) used command] /i 5601
[2026-03-30 20:40:48.027] [Game] [info] [Ricardo at (32098.0,32204.0,7.0) used command] /i 5601
[2026-03-30 20:40:57.583] [Game] [info] [Ricardo at (32098.0,32204.0,7.0) used command] /i 5602
[2026-03-30 20:54:22.651] [Game] [info] [Ricardo at (32097.0,32204.0,7.0) used command] /i 17153
[2026-03-30 20:59:55.705] [Game] [info] Ricardo has logged out from IP 177.68.22.241.
[2026-03-30 20:59:55.718] [Game] [info] Saving game...
[2026-03-30 20:59:56.264] [Game] [info] Shutting down...
[2026-03-30 20:59:56.267] [Game] [info] Shutdown complete.
[2026-03-30 21:00:30.078] [Game] [info] =========================> GAME LOG <=========================
[2026-03-30 21:04:37.522] [Game] [warning] [IOLoginData::loadPlayer] Failed to unserializeTVPFormat item 1987 in filename gamedata/players/45/45.tvpi
[2026-03-30 21:04:40.146] [Game] [warning] [IOLoginData::loadPlayer] Failed to unserializeTVPFormat item 1987 in filename gamedata/players/45/45.tvpi
[2026-03-30 21:05:47.855] [Game] [warning] [IOLoginData::loadPlayer] Failed to unserializeTVPFormat item 1987 in filename gamedata/players/45/45.tvpi
[2026-03-30 21:05:55.981] [Game] [warning] [IOLoginData::loadPlayer] Failed to unserializeTVPFormat item 1987 in filename gamedata/players/45/45.tvpi
[2026-03-30 21:05:56.973] [Game] [warning] [IOLoginData::loadPlayer] Failed to unserializeTVPFormat item 1987 in filename gamedata/players/45/45.tvpi
[2026-03-30 21:06:06.585] [Game] [warning] [IOLoginData::loadPlayer] Failed to unserializeTVPFormat item 1987 in filename gamedata/players/45/45.tvpi
[2026-03-30 21:11:53.823] [Game] [info] Saving game...
[2026-03-30 21:11:54.341] [Game] [info] Shutting down...
[2026-03-30 21:11:54.345] [Game] [info] Shutdown complete.
[2026-03-30 21:12:13.504] [Game] [info] =========================> GAME LOG <=========================
[2026-03-30 21:13:02.177] [Game] [warning] [IOLoginData::loadPlayer] Failed to unserializeTVPFormat item 1987 in filename gamedata/players/45/45.tvpi
[2026-03-30 21:13:09.869] [Game] [info] Make Market has logged in from IP 177.68.22.241.
[2026-03-30 21:13:14.729] [Game] [info] Make Market has logged out from IP 0.0.0.0.
[2026-03-30 21:13:17.543] [Game] [warning] [IOLoginData::loadPlayer] Failed to unserializeTVPFormat item 1987 in filename gamedata/players/45/45.tvpi
[2026-03-30 21:19:01.092] [Game] [warning] [IOLoginData::loadPlayer] Failed to unserializeTVPFormat item 1987 in filename gamedata/players/45/45.tvpi
[2026-03-30 21:23:51.226] [Game] [warning] [IOLoginData::loadPlayer] Failed to unserializeTVPFormat item 1987 in filename gamedata/players/45/45.tvpi
[2026-03-30 21:24:37.329] [Game] [info] Ricardo has logged in from IP 177.68.22.241.
[2026-03-30 21:27:54.168] [Game] [info] [Ricardo at (32097.0,32204.0,7.0) used command] /i 17365
[2026-03-30 21:29:39.611] [Game] [info] Ricardo has logged out from IP 177.68.22.241.
[2026-03-30 21:29:39.619] [Game] [info] Saving game...
[2026-03-30 21:29:40.190] [Game] [info] Shutting down...
[2026-03-30 21:29:40.199] [Game] [info] Shutdown complete.
[2026-03-31 11:33:14.224] [Game] [info] =========================> GAME LOG <=========================
[2026-03-31 11:38:09.631] [Game] [info] Ricardo has logged in from IP 177.68.22.241.
[2026-03-31 11:38:18.886] [Game] [info] [Ricardo at (32096.0,32204.0,7.0) used command] /i 5602
[2026-03-31 11:43:18.437] [Game] [info] Ricardo has logged out from IP 177.68.22.241.
[2026-03-31 11:43:18.450] [Game] [info] Saving game...
[2026-03-31 11:43:18.990] [Game] [info] Shutting down...
[2026-03-31 11:43:18.993] [Game] [info] Shutdown complete.
[2026-03-31 11:43:41.121] [Game] [info] =========================> GAME LOG <=========================
[2026-03-31 11:44:11.086] [Game] [info] Ricardo has logged in from IP 177.68.22.241.
[2026-03-31 11:44:12.938] [Game] [info] [Ricardo at (32095.0,32204.0,7.0) used command] /i 5602
[2026-03-31 12:09:55.955] [Game] [info] Ricardo has logged out from IP 177.68.22.241.
[2026-03-31 12:09:55.966] [Game] [info] Saving game...
[2026-03-31 12:09:56.579] [Game] [info] Shutting down...
[2026-03-31 12:09:56.584] [Game] [info] Shutdown complete.
[2026-03-31 12:11:15.005] [Game] [info] =========================> GAME LOG <=========================
[2026-03-31 12:13:01.197] [Game] [info] Ricardo has logged in from IP 177.68.22.241.
[2026-03-31 12:13:03.773] [Game] [info] [Ricardo at (32094.0,32204.0,7.0) used command] /i 5602
[2026-03-31 12:13:21.161] [Game] [info] [Ricardo at (32096.0,32204.0,7.0) used command] /a 2
[2026-03-31 12:13:51.153] [Game] [info] [Ricardo at (32096.0,32204.0,7.0) used command] /i 5619
[2026-03-31 12:17:06.571] [Game] [info] [Ricardo at (32097.0,32203.0,7.0) used command] /i 49545
[2026-03-31 12:17:13.790] [Game] [info] [Ricardo at (32098.0,32204.0,7.0) used command] /i 49545
[2026-03-31 12:17:19.419] [Game] [info] [Ricardo at (32098.0,32204.0,7.0) used command] /a 2
[2026-03-31 12:17:21.203] [Game] [info] [Ricardo at (32100.0,32204.0,7.0) used command] /i 49545
[2026-03-31 12:17:45.231] [Game] [info] [Ricardo at (32100.0,32204.0,7.0) used command] /i 49545
[2026-03-31 12:17:47.455] [Game] [info] [Ricardo at (32100.0,32204.0,7.0) used command] /i 49545, 1
[2026-03-31 12:18:07.652] [Game] [info] [Ricardo at (32100.0,32204.0,7.0) used command] /i 49551
[2026-03-31 12:18:18.143] [Game] [info] [Ricardo at (32100.0,32204.0,7.0) used command] /i 35315
[2026-03-31 12:39:32.734] [Game] [info] [Ricardo at (32099.0,32204.0,7.0) used command] /reload items
[2026-03-31 12:40:06.520] [Game] [info] [Ricardo at (32099.0,32204.0,7.0) used command] /i 5602
[2026-03-31 12:40:13.947] [Game] [info] Ricardo has logged out from IP 177.68.22.241.
[2026-03-31 12:40:13.959] [Game] [info] Saving game...
[2026-03-31 12:40:14.551] [Game] [info] Shutting down...
[2026-03-31 12:40:14.562] [Game] [info] Shutdown complete.
[2026-03-31 12:40:23.033] [Game] [info] =========================> GAME LOG <=========================
[2026-03-31 12:41:19.871] [Game] [info] Ricardo has logged in from IP 177.68.22.241.
[2026-03-31 12:41:25.149] [Game] [info] [Ricardo at (32098.0,32204.0,7.0) used command] /i 5602
[2026-03-31 12:41:44.133] [Game] [info] [Ricardo at (32097.0,32204.0,7.0) used command] /i 6926
[2026-03-31 12:48:33.813] [Game] [info] Ricardo has logged out from IP 177.68.22.241.
[2026-03-31 12:48:33.823] [Game] [info] Saving game...
[2026-03-31 12:48:34.399] [Game] [info] Shutting down...
[2026-03-31 12:48:34.402] [Game] [info] Shutdown complete.
[2026-03-31 12:49:45.266] [Game] [info] =========================> GAME LOG <=========================
[2026-03-31 12:50:18.210] [Game] [info] Ricardo has logged in from IP 177.68.22.241.
[2026-03-31 12:50:24.208] [Game] [info] [Ricardo at (32097.0,32204.0,7.0) used command] /i 2160
[2026-03-31 12:50:38.608] [Game] [info] [Ricardo at (32097.0,32204.0,7.0) used command] /i 5640
[2026-03-31 12:56:39.252] [Game] [info] [Ricardo at (32096.0,32204.0,7.0) used command] /i 5972
[2026-03-31 12:56:43.579] [Game] [info] [Ricardo at (32095.0,32204.0,7.0) used command] /i 5972
[2026-03-31 12:58:07.497] [Game] [info] [Ricardo at (32095.0,32204.0,7.0) used command] /i 4387
[2026-03-31 12:58:20.245] [Game] [info] [Ricardo at (32095.0,32204.0,7.0) used command] /i 4385
[2026-03-31 12:58:31.025] [Game] [info] [Ricardo at (32095.0,32204.0,7.0) used command] /i 4368
[2026-03-31 12:58:56.609] [Game] [info] [Ricardo at (32094.0,32204.0,7.0) used command] /i 4358
[2026-03-31 12:59:05.909] [Game] [info] Ricardo has logged out from IP 177.68.22.241.
[2026-03-31 12:59:05.915] [Game] [info] Saving game...
[2026-03-31 12:59:06.398] [Game] [info] Shutting down...
[2026-03-31 12:59:06.401] [Game] [info] Shutdown complete.
[2026-03-31 12:59:49.662] [Game] [info] =========================> GAME LOG <=========================
[2026-03-31 13:00:19.569] [Game] [warning] [IOLoginData::loadPlayer] Failed to create item 6926 in filename gamedata/players/45/45.tvpi
[2026-03-31 13:00:38.754] [Game] [warning] [IOLoginData::loadPlayer] Failed to create item 6926 in filename gamedata/players/45/45.tvpi
[2026-03-31 13:04:43.348] [Game] [warning] [IOLoginData::loadPlayer] Failed to create item 6926 in filename gamedata/players/45/45.tvpi
[2026-03-31 13:04:59.761] [Game] [info] Ricardo has logged in from IP 177.68.22.241.
[2026-03-31 13:05:08.251] [Game] [info] [Ricardo at (32093.0,32204.0,7.0) used command] /i 4360
[2026-03-31 13:05:18.099] [Game] [info] [Ricardo at (32091.0,32204.0,7.0) used command] /i 4360
[2026-03-31 13:05:40.927] [Game] [info] [Ricardo at (32090.0,32204.0,7.0) used command] /i 2160
[2026-03-31 13:05:59.130] [Game] [info] [Ricardo at (32090.0,32204.0,7.0) used command] /i 4381
[2026-03-31 13:07:55.060] [Game] [info] [Ricardo at (32097.0,32207.0,7.0) used command] /i 3933
[2026-03-31 13:14:29.163] [Game] [info] [Ricardo at (32097.0,32207.0,7.0) used command] /reload items
[2026-03-31 13:17:21.657] [Game] [info] [Ricardo at (32097.0,32207.0,7.0) used command] /reload items
[2026-03-31 13:17:26.489] [Game] [info] [Ricardo at (32097.0,32207.0,7.0) used command] /i 5602
[2026-03-31 13:26:32.139] [Game] [info] Ricardo has logged out from IP 177.68.22.241.
[2026-03-31 13:26:32.150] [Game] [info] Saving game...
[2026-03-31 13:26:32.687] [Game] [info] Shutting down...
[2026-03-31 13:26:32.691] [Game] [info] Shutdown complete.
[2026-03-31 13:26:41.251] [Game] [info] =========================> GAME LOG <=========================
[2026-03-31 13:31:23.503] [Game] [info] Ricardo has logged in from IP 177.68.22.241.
[2026-03-31 13:41:33.082] [Game] [info] Ricardo has logged out from IP 0.0.0.0.
[2026-03-31 13:41:33.091] [Game] [info] Saving game...
[2026-03-31 13:41:33.669] [Game] [info] Shutting down...
[2026-03-31 13:41:33.673] [Game] [info] Shutdown complete.
[2026-03-31 13:42:39.159] [Game] [info] =========================> GAME LOG <=========================
[2026-03-31 14:02:19.780] [Game] [info] Ricardo has logged in from IP 177.68.22.241.
[2026-03-31 14:06:20.745] [Game] [info] [Ricardo at (32097.0,32208.0,7.0) used command] /i 2160
[2026-03-31 14:07:50.837] [Game] [info] Ricardo has logged out from IP 177.68.22.241.
[2026-03-31 14:07:50.844] [Game] [info] Saving game...
[2026-03-31 14:07:51.403] [Game] [info] Shutting down...
[2026-03-31 14:07:51.409] [Game] [info] Shutdown complete.
[2026-03-31 14:09:37.358] [Game] [info] =========================> GAME LOG <=========================
[2026-03-31 14:10:15.440] [Game] [info] Ricardo has logged in from IP 177.68.22.241.
[2026-03-31 14:10:19.780] [Game] [info] [Ricardo at (32097.0,32208.0,7.0) used command] /i 5602
[2026-03-31 14:11:06.297] [Game] [info] [Ricardo at (32097.0,32208.0,7.0) used command] /reload items
[2026-03-31 14:11:08.313] [Game] [info] [Ricardo at (32097.0,32208.0,7.0) used command] /i 5602
[2026-03-31 14:23:38.028] [Game] [info] Ricardo has logged out from IP 0.0.0.0.
[2026-03-31 14:25:47.579] [Game] [info] Ricardo has logged in from IP 177.68.22.241.
[2026-03-31 14:31:24.115] [Game] [info] Ricardo has logged out from IP 0.0.0.0.
[2026-03-31 14:32:17.627] [Game] [info] Make Market has logged in from IP 177.68.22.241.
[2026-03-31 14:33:18.141] [Game] [info] Make Market has logged out from IP 0.0.0.0.
[2026-03-31 14:33:44.696] [Game] [info] Ricardo has logged in from IP 177.68.22.241.
[2026-03-31 14:34:06.154] [Game] [info] Ricardo has logged out from IP 0.0.0.0.
[2026-04-03 04:44:45.662] [Game] [info] Broadcasted: Rat plague in Thais!
